filename,label
aaferzprat_REAL.mp4,0
abjqjcvhwe_REAL.mp4,0
abshlmrtvt_REAL.mp4,0
absujvyrdm_REAL.mp4,0
abtrcaikve_REAL.mp4,0
abyrwifdfe_REAL.mp4,0
acdsdxwpcv_REAL.mp4,0
acesusftoa_REAL.mp4,0
acrlghmrkp_REAL.mp4,0
acsgqmpdez_FAKE.mp4,1
addmkzupjn_FAKE.mp4,1
adgybhytzs_FAKE.mp4,1
adlrcdmybm_REAL.mp4,0
adxeuzvvzb_REAL.mp4,0
aevpdbbxoh_FAKE.mp4,1
aewsbofgwl_REAL.mp4,0
afgvjnqstv_REAL.mp4,0
afixxjdxef_FAKE.mp4,1
agcmwyvauk_REAL.mp4,0
agkpbfcpiv_FAKE.mp4,1
agplobkyci_REAL.mp4,0
agrqzohqhx_FAKE.mp4,1
ahalqtfixi_FAKE.mp4,1
ahfvehrmse_REAL.mp4,0
ahorlqgstq_REAL.mp4,0
ahxhzvzgrb_FAKE.mp4,1
aifkdzbaoh_FAKE.mp4,1
aikcsvtwxj_REAL.mp4,0
ajcxyezjol_FAKE.mp4,1
ajwbewcmwi_REAL.mp4,0
ajwiijfltt_FAKE.mp4,1
akmkcxguii_REAL.mp4,0
alseiqnfnc_FAKE.mp4,1
alyxfsgfab_FAKE.mp4,1
alzbizkswy_REAL.mp4,0
amdwgzzsfb_REAL.mp4,0
amiqkliwtf_FAKE.mp4,1
amnzjdtmtg_REAL.mp4,0
amzlsaeqee_FAKE.mp4,1
aneiwfhzlo_FAKE.mp4,1
aniescivbi_REAL.mp4,0
ankeipmksk_FAKE.mp4,1
anuwikwvow_FAKE.mp4,1
aodscsqoyc_REAL.mp4,0
aoqbcjoqjh_REAL.mp4,0
aoszdeayes_FAKE.mp4,1
aouzlroqzt_FAKE.mp4,1
apaxorirnn_FAKE.mp4,1
appvffejyy_REAL.mp4,0
apvhgeulvy_FAKE.mp4,1
aqakglyrht_FAKE.mp4,1
aqhbszcpal_FAKE.mp4,1
aqirevafst_FAKE.mp4,1
aqsjhodxqh_REAL.mp4,0
aqsoyqygky_REAL.mp4,0
aqzkiwfvlv_REAL.mp4,0
arrpqqfiah_REAL.mp4,0
asjekccfmc_FAKE.mp4,1
aslrunhhyl_REAL.mp4,0
asvzmbozcs_FAKE.mp4,1
asytpbwdda_FAKE.mp4,1
atrssikhoy_REAL.mp4,0
atsxbvdqfb_REAL.mp4,0
atydjyhqsv_FAKE.mp4,1
auabdnhegy_FAKE.mp4,1
aufuqdncad_FAKE.mp4,1
auhhhfprkw_FAKE.mp4,1
aujrpwwjtq_FAKE.mp4,1
aumsysgpsf_REAL.mp4,0
auoiwspjju_FAKE.mp4,1
auqlledwxt_REAL.mp4,0
avhdquzuwf_REAL.mp4,0
avyxflippj_FAKE.mp4,1
axfquovbya_REAL.mp4,0
axutpjywuu_REAL.mp4,0
aybgtakzhf_FAKE.mp4,1
aybqoonlol_FAKE.mp4,1
ayleocznjp_FAKE.mp4,1
ayyvovoqpq_REAL.mp4,0
ayzcjwfbsn_REAL.mp4,0
azgvkbgvjm_FAKE.mp4,1
azjihuumrm_REAL.mp4,0
azxmphhunl_REAL.mp4,0
bacrfnbhvo_FAKE.mp4,1
bactcvwhqk_FAKE.mp4,1
bbdwfeznwk_FAKE.mp4,1
bbhvpyzmiv_FAKE.mp4,1
bbyheffqbo_REAL.mp4,0
bcgcdkjivz_FAKE.mp4,1
bcvcyvgowt_FAKE.mp4,1
bdhcxanaqy_FAKE.mp4,1
bdiswjfefc_FAKE.mp4,1
bdweezvxfc_FAKE.mp4,1
begigijiiq_REAL.mp4,0
behdsfoxnk_REAL.mp4,0
belewgtmbs_REAL.mp4,0
bfcvdqwvwb_FAKE.mp4,1
bffjkyuqvb_FAKE.mp4,1
bfqlqydtam_REAL.mp4,0
bfupvodqkz_REAL.mp4,0
bgkjyalpix_REAL.mp4,0
bgxpmpwcyg_REAL.mp4,0
bhpddnqauc_REAL.mp4,0
bhsklnhjrj_FAKE.mp4,1
bibjgxjhuv_REAL.mp4,0
bicexletbj_FAKE.mp4,1
bigwzvlzhb_REAL.mp4,0
bijcrevctl_REAL.mp4,0
binymyngeo_REAL.mp4,0
bivfenlysj_FAKE.mp4,1
bjpimfdtds_REAL.mp4,0
bjyfwqezqa_FAKE.mp4,1
bkhclbvdis_FAKE.mp4,1
bktcgtnzzh_REAL.mp4,0
blehjybifk_REAL.mp4,0
blfdfsedii_FAKE.mp4,1
bltedjvtlj_FAKE.mp4,1
bmablqorlk_FAKE.mp4,1
bmiryozzvx_REAL.mp4,0
bmlnzuebwq_FAKE.mp4,1
bmtrpwqkii_FAKE.mp4,1
bmzsvaimta_FAKE.mp4,1
bmzywathcq_REAL.mp4,0
bnbovmdeot_REAL.mp4,0
bnbxarxyqk_FAKE.mp4,1
bndkaaqewo_FAKE.mp4,1
bnfqcshwdx_REAL.mp4,0
bnlhnkfkrg_FAKE.mp4,1
bnwkhfneqp_REAL.mp4,0
bnxispqojs_FAKE.mp4,1
bnxmbphnnn_REAL.mp4,0
bofeuivknt_FAKE.mp4,1
bojrkqyjdk_FAKE.mp4,1
boopvichfi_REAL.mp4,0
bosbcjeizu_FAKE.mp4,1
bosxyhludp_FAKE.mp4,1
bozhmxsghc_FAKE.mp4,1
bpbtijbhih_FAKE.mp4,1
bplwjxrjfx_FAKE.mp4,1
bqmanbtedb_FAKE.mp4,1
brerfovadr_FAKE.mp4,1
brirqrndwc_REAL.mp4,0
briushizfu_FAKE.mp4,1
btieonhidz_REAL.mp4,0
btnolnefoi_REAL.mp4,0
btxgjsonxg_REAL.mp4,0
buznnntmnf_REAL.mp4,0
bvigkozalf_FAKE.mp4,1
bvjdrocsro_FAKE.mp4,1
bvkfgeyaif_FAKE.mp4,1
bwedvpmotz_REAL.mp4,0
bwhdmdqwba_REAL.mp4,0
bwmqlgmzln_REAL.mp4,0
bwntewnmzx_FAKE.mp4,1
bwxwlgbkal_FAKE.mp4,1
bwyvrcczte_FAKE.mp4,1
bxefyimnqr_REAL.mp4,0
bxrpqqvpfk_REAL.mp4,0
bxxovxktqn_FAKE.mp4,1
bxzsqcfbjs_FAKE.mp4,1
byorayoofg_FAKE.mp4,1
bzonnzpmxa_FAKE.mp4,1
bzpakhiczx_FAKE.mp4,1
cacijczweb_FAKE.mp4,1
caikegrhfs_REAL.mp4,0
calqcklglq_FAKE.mp4,1
caphzofvrj_REAL.mp4,0
caybvafaow_REAL.mp4,0
cbaubihobq_REAL.mp4,0
cbbmihedlz_REAL.mp4,0
cbjztcfamt_REAL.mp4,0
cblbgfevcq_FAKE.mp4,1
ccvgsjbwmz_FAKE.mp4,1
cdgsptpqet_REAL.mp4,0
cdpnnebwfa_REAL.mp4,0
cdutdcaovc_FAKE.mp4,1
cedpyannqf_REAL.mp4,0
cfkjxylprk_FAKE.mp4,1
cfmnirsgxs_REAL.mp4,0
cgebtadovo_FAKE.mp4,1
cglpyitrzw_FAKE.mp4,1
cgyglkqfut_FAKE.mp4,1
chdvhlhaiq_FAKE.mp4,1
chnhlsjyxb_FAKE.mp4,1
ciajjlkqpo_REAL.mp4,0
cjnfiihawm_FAKE.mp4,1
ckechbyzit_FAKE.mp4,1
ckjctlogrm_FAKE.mp4,1
ckydirciav_FAKE.mp4,1
clbwrjvpvk_FAKE.mp4,1
clxgzkdgta_REAL.mp4,0
clzmxxvlxs_FAKE.mp4,1
cmwxpmbuea_FAKE.mp4,1
cojfzsbdkf_REAL.mp4,0
couyrcwviy_FAKE.mp4,1
cozslsoswi_REAL.mp4,0
cpdlqhbvux_FAKE.mp4,1
cpmridjxbc_REAL.mp4,0
cpmvsuixwn_REAL.mp4,0
cpycvtmtuo_REAL.mp4,0
cqbxgessxh_REAL.mp4,0
cqgzckbimc_FAKE.mp4,1
cqnbolqdhe_FAKE.mp4,1
cqvndapzgg_FAKE.mp4,1
cqzkjylvwz_FAKE.mp4,1
crcwhjdwhy_REAL.mp4,0
crllsfqiul_FAKE.mp4,1
crzzzxzvtw_FAKE.mp4,1
csgcwyaazy_FAKE.mp4,1
csikbraapk_FAKE.mp4,1
cslmdbmlzk_REAL.mp4,0
csqbebvoxt_REAL.mp4,0
csraeqynwd_FAKE.mp4,1
ctfvpczuea_REAL.mp4,0
ctrengqlqk_FAKE.mp4,1
cucnhxbrrz_REAL.mp4,0
cueivytkwb_FAKE.mp4,1
cumrfsvpri_REAL.mp4,0
cvjcxhzjqq_FAKE.mp4,1
cvrzdywcth_FAKE.mp4,1
cwbgztanym_REAL.mp4,0
cwmwbryhqx_FAKE.mp4,1
cwoiryhauz_FAKE.mp4,1
cwsrozctrk_FAKE.mp4,1
cwxrlwltie_REAL.mp4,0
cwzzqzmblh_FAKE.mp4,1
cxbsalbmst_FAKE.mp4,1
cxevdilqjh_FAKE.mp4,1
cxlkfsyfvb_REAL.mp4,0
cxptpzqfnf_REAL.mp4,0
cxsekvffny_FAKE.mp4,1
cxvwreuyuz_REAL.mp4,0
cyavflusgb_REAL.mp4,0
cyeiqwpyxo_REAL.mp4,0
cyqhzdxgrk_FAKE.mp4,1
czxtlccmnm_FAKE.mp4,1
dabgyrgsmq_FAKE.mp4,1
daefglozdd_FAKE.mp4,1
dagcrdgape_REAL.mp4,0
dagmnvkeeg_FAKE.mp4,1
daiubqdjif_REAL.mp4,0
dazcqddmah_REAL.mp4,0
dbahlxpfkm_FAKE.mp4,1
dbckbkktch_REAL.mp4,0
dbhehpfump_REAL.mp4,0
dbiwlmeneq_FAKE.mp4,1
dbyyuizpvr_FAKE.mp4,1
dcjnlrvwko_REAL.mp4,0
dcmitrlcbk_REAL.mp4,0
dcrjbnkhwu_FAKE.mp4,1
ddagyhwnwm_FAKE.mp4,1
ddoanziqhj_FAKE.mp4,1
ddrxykcwxm_REAL.mp4,0
degaiqcgjz_FAKE.mp4,1
dehkunamqr_FAKE.mp4,1
depcrcqwai_FAKE.mp4,1
deqdvahbhg_FAKE.mp4,1
dfiwbwdvci_FAKE.mp4,1
dfnnriurvc_REAL.mp4,0
dfnxqfwtxy_FAKE.mp4,1
dfpmkyzpca_FAKE.mp4,1
dgfxvmrcxi_FAKE.mp4,1
dghbpnphef_REAL.mp4,0
dgjmstvnpd_FAKE.mp4,1
dgkyrayvtd_FAKE.mp4,1
dgtdgrzifi_REAL.mp4,0
dhafiubuuv_REAL.mp4,0
dhmqqvxntl_FAKE.mp4,1
dhwvoebdjs_REAL.mp4,0
digodfuebj_FAKE.mp4,1
dinsbywbwl_REAL.mp4,0
djhhnixfyi_REAL.mp4,0
djjafmdtxy_FAKE.mp4,1
djkwstalvv_REAL.mp4,0
djlgnbnsle_FAKE.mp4,1
djodnxisaa_REAL.mp4,0
djwcqyqznx_FAKE.mp4,1
dkeywucgch_FAKE.mp4,1
dkiiqijowz_REAL.mp4,0
dkpegbxels_FAKE.mp4,1
dlfubjxywg_FAKE.mp4,1
dlpnmuttlc_FAKE.mp4,1
dmllscpmpp_FAKE.mp4,1
dmmuakrefq_REAL.mp4,0
dmonugzxlo_FAKE.mp4,1
dnecilutfg_REAL.mp4,0
doemehunwj_FAKE.mp4,1
doieimouer_REAL.mp4,0
dopcoxsotn_REAL.mp4,0
dphtzcswiu_FAKE.mp4,1
dppurncpia_REAL.mp4,0
dpswvtluiz_REAL.mp4,0
dpyjlbgxhv_REAL.mp4,0
dqibpplzly_REAL.mp4,0
dqmkthhjbx_FAKE.mp4,1
dresjrvhhj_FAKE.mp4,1
drlbzmlsuh_FAKE.mp4,1
drytosluag_REAL.mp4,0
dsaimnkbgj_FAKE.mp4,1
dsealbmwme_FAKE.mp4,1
dtfrslgpwj_REAL.mp4,0
dthbysjgfg_REAL.mp4,0
dtsoxfqjtr_FAKE.mp4,1
dtybbstrow_REAL.mp4,0
duobjznslt_FAKE.mp4,1
dvcioruqyy_FAKE.mp4,1
dvdxtnnnmp_FAKE.mp4,1
dvgrxlhsry_REAL.mp4,0
dvkicveiag_FAKE.mp4,1
dxmcnxzrkc_REAL.mp4,0
dxpzolbzgh_REAL.mp4,0
dxydqtnkgi_FAKE.mp4,1
dyjtfbqrmt_FAKE.mp4,1
dyqeddqknx_FAKE.mp4,1
dyqhomjvap_REAL.mp4,0
dythhiiokb_REAL.mp4,0
dzcdamilyz_FAKE.mp4,1
dzhkiyfivt_REAL.mp4,0
eabyiybnkn_REAL.mp4,0
eacjsuqenz_REAL.mp4,0
eaolaqoahr_REAL.mp4,0
eappwiyrnd_REAL.mp4,0
eawqvpdcze_FAKE.mp4,1
eaztsmksng_FAKE.mp4,1
ebofoaidos_REAL.mp4,0
ebvtprlgyz_REAL.mp4,0
ecfvkaewto_FAKE.mp4,1
ecpoizyscr_REAL.mp4,0
eddocxyxea_FAKE.mp4,1
edevpyuazf_REAL.mp4,0
edldghszvx_REAL.mp4,0
ednakzreoi_FAKE.mp4,1
eedwyzhipo_FAKE.mp4,1
eegzqcqtrm_FAKE.mp4,1
eeldudssre_REAL.mp4,0
eeysqqfhmd_FAKE.mp4,1
efaiqwiifj_REAL.mp4,0
efazuieysm_REAL.mp4,0
efbibsmgpw_REAL.mp4,0
efezbuuywa_FAKE.mp4,1
efjtzmmzrw_REAL.mp4,0
efnhvieljj_REAL.mp4,0
efttfxdapw_FAKE.mp4,1
egcovnwlvk_FAKE.mp4,1
egtrjvgggy_FAKE.mp4,1
ehftosntej_FAKE.mp4,1
ehpwmtyvwm_REAL.mp4,0
ehyfxxxftq_FAKE.mp4,1
eicngtwvoh_REAL.mp4,0
eifujvlrzd_FAKE.mp4,1
eiheiceuxo_REAL.mp4,0
eiiizbbmop_FAKE.mp4,1
einuilwwyq_FAKE.mp4,1
eiozvdohir_FAKE.mp4,1
eirqkmkeaz_REAL.mp4,0
eirrhmppfo_REAL.mp4,0
ejfqzyxrqc_FAKE.mp4,1
ejpywzaser_FAKE.mp4,1
ejtondldnk_FAKE.mp4,1
ejutmzspws_REAL.mp4,0
ejvpuctmyr_FAKE.mp4,1
ejvzniiwbq_REAL.mp4,0
ekelpjsrmk_FAKE.mp4,1
ekjhvhjzzf_FAKE.mp4,1
ekquarsplg_FAKE.mp4,1
ekusbammok_REAL.mp4,0
ekutbiitqk_REAL.mp4,0
ekydnznbkd_FAKE.mp4,1
ekyycsaoqv_REAL.mp4,0
elbcgmkdrw_REAL.mp4,0
elqbvncdpe_FAKE.mp4,1
elzkhvqobv_FAKE.mp4,1
elzyaxzkbw_REAL.mp4,0
embsmlaezn_FAKE.mp4,1
emjtexvqxo_FAKE.mp4,1
encpspxssi_REAL.mp4,0
eorpfyvlok_REAL.mp4,0
eowzujrqgy_FAKE.mp4,1
eoyzkmpjem_FAKE.mp4,1
eqabuehals_REAL.mp4,0
eqnmiwvxow_FAKE.mp4,1
erdhjyjduk_REAL.mp4,0
erkllhrjkt_FAKE.mp4,1
erzzhffzvu_REAL.mp4,0
eshcmegogv_REAL.mp4,0
esjfanmvpw_REAL.mp4,0
esobntxlad_REAL.mp4,0
espaodgzxa_FAKE.mp4,1
esqapmjzwm_REAL.mp4,0
esydswnyko_REAL.mp4,0
eszivwjcls_FAKE.mp4,1
etioprbaww_FAKE.mp4,1
etlroolqer_REAL.mp4,0
ettthorxxv_FAKE.mp4,1
euclhezhps_FAKE.mp4,1
euegygpzez_REAL.mp4,0
eukxkhumll_REAL.mp4,0
evhtpeyqsc_FAKE.mp4,1
evhwvefsle_REAL.mp4,0
evhykxalmi_FAKE.mp4,1
evirwnkqms_REAL.mp4,0
evmmsjwyqj_REAL.mp4,0
evutrhbglp_REAL.mp4,0
ewcjerkrwq_REAL.mp4,0
ewdcazacrh_REAL.mp4,0
eweohmorwm_FAKE.mp4,1
ewuhuebngm_REAL.mp4,0
ewwkfljrua_FAKE.mp4,1
excdqgwwuy_REAL.mp4,0
exdxpotzrw_FAKE.mp4,1
exnxonosso_FAKE.mp4,1
exzlkzguxl_FAKE.mp4,1
eyhhnebwcs_REAL.mp4,0
ezkidfosnl_FAKE.mp4,1
fakhglygte_FAKE.mp4,1
fakiuygxwr_FAKE.mp4,1
famavifufv_REAL.mp4,0
fancmuflyb_FAKE.mp4,1
favrjgshqi_REAL.mp4,0
favydhlbyj_FAKE.mp4,1
fbfnlcqjjp_REAL.mp4,0
fbifigmjzk_FAKE.mp4,1
fbzztilvpn_REAL.mp4,0
fcevppjtel_REAL.mp4,0
fchawobtti_REAL.mp4,0
fcmvdopkgg_FAKE.mp4,1
fcqgzoqwnq_REAL.mp4,0
fcrwgettrv_FAKE.mp4,1
fcwgjggqub_FAKE.mp4,1
fcxentjmzf_REAL.mp4,0
fczrttsakk_REAL.mp4,0
fdkywoylxe_FAKE.mp4,1
fdogmnyird_FAKE.mp4,1
fdubcqyphb_REAL.mp4,0
fdxeaxhnxh_FAKE.mp4,1
fednyefrrm_FAKE.mp4,1
fenkagfgpz_FAKE.mp4,1
feqzsacurr_FAKE.mp4,1
ferymajfia_REAL.mp4,0
fetxwjfque_REAL.mp4,0
fezdsrxjuz_FAKE.mp4,1
ffcommhoby_REAL.mp4,0
ffgjubpsrv_FAKE.mp4,1
fflgzydmzd_REAL.mp4,0
ffuhlmaxue_FAKE.mp4,1
ffxiutfknw_REAL.mp4,0
fhajjbenap_FAKE.mp4,1
fhbajybgmi_FAKE.mp4,1
fhhlzspwur_FAKE.mp4,1
fhhortycpg_FAKE.mp4,1
fhrqmneeqh_REAL.mp4,0
fhsopezelx_REAL.mp4,0
fhwgrarnid_FAKE.mp4,1
fihhemujnh_FAKE.mp4,1
fiobjlznms_FAKE.mp4,1
firvybweog_FAKE.mp4,1
fizlnxpjpn_REAL.mp4,0
fjdbygjzfi_FAKE.mp4,1
fjdykbckzi_REAL.mp4,0
fjteinuizg_FAKE.mp4,1
fjuwxqapzb_REAL.mp4,0
fkvdbgnsrf_REAL.mp4,0
fkzarhkmyp_REAL.mp4,0
fllljvuqqa_FAKE.mp4,1
flzlyrexie_FAKE.mp4,1
fmhulqdldk_FAKE.mp4,1
fmljdvhwtj_REAL.mp4,0
fmrzjlkiql_REAL.mp4,0
fmsxomanga_REAL.mp4,0
fmurvmizzi_FAKE.mp4,1
fnejwlvvsg_FAKE.mp4,1
fnicwoxeln_REAL.mp4,0
fnxlgapxgx_FAKE.mp4,1
foligrwxod_FAKE.mp4,1
forohbufpd_REAL.mp4,0
fpgbqmqesb_FAKE.mp4,1
fpgmlnpyys_REAL.mp4,0
fplknsyqiz_REAL.mp4,0
fpqcsldjwl_REAL.mp4,0
fpyybnkagb_REAL.mp4,0
fqpphcbruh_REAL.mp4,0
fqvriaaihu_REAL.mp4,0
fqweeualqa_REAL.mp4,0
fradpsybuj_REAL.mp4,0
frvcncumpb_FAKE.mp4,1
fsbtznktag_FAKE.mp4,1
fsfjlwwsen_REAL.mp4,0
fsghozvjzf_REAL.mp4,0
fsxhzufpmy_REAL.mp4,0
fszcqehjmw_FAKE.mp4,1
ftgxeeihuv_FAKE.mp4,1
ftmffafmbv_FAKE.mp4,1
ftnbjgcrdu_FAKE.mp4,1
ftsutcupto_FAKE.mp4,1
fudctgiqtg_REAL.mp4,0
fuljlvpbef_FAKE.mp4,1
fupbjsydcj_REAL.mp4,0
fuzrbxbkji_FAKE.mp4,1
fvlxhoaldp_REAL.mp4,0
fvrhhxqcmh_FAKE.mp4,1
fvwjqnwzdl_REAL.mp4,0
fwipdcerra_REAL.mp4,0
fwjhcqlmfd_FAKE.mp4,1
fwkyxvdmff_FAKE.mp4,1
fwngrtvaee_REAL.mp4,0
fwpadpugqn_FAKE.mp4,1
fwzucjkolj_FAKE.mp4,1
fxirbbepzn_FAKE.mp4,1
fxskypezvv_FAKE.mp4,1
fyekwzbgyp_REAL.mp4,0
fyiitssavx_REAL.mp4,0
gabobgiccn_REAL.mp4,0
gapvetxxhl_REAL.mp4,0
gavqzzofqv_FAKE.mp4,1
gbambjdbwq_FAKE.mp4,1
gbawgsnlgk_FAKE.mp4,1
gbbevfnfiq_FAKE.mp4,1
gbbhyicorv_REAL.mp4,0
gbmkwegeuj_REAL.mp4,0
gbpymmkcbw_REAL.mp4,0
gbvllwqbjl_REAL.mp4,0
gbyecrdgsf_REAL.mp4,0
gccadfefkb_REAL.mp4,0
gccddsbvpg_FAKE.mp4,1
gciwcltclm_REAL.mp4,0
gckregynpo_REAL.mp4,0
gcswhfouhz_REAL.mp4,0
gcszqqslwn_FAKE.mp4,1
gcuowvdvhc_FAKE.mp4,1
gcxexbsvot_REAL.mp4,0
gdeljipddf_REAL.mp4,0
gdqvoevdtr_REAL.mp4,0
gduevksmhk_REAL.mp4,0
geaatldliq_FAKE.mp4,1
geturetbpy_REAL.mp4,0
gfnogmttzx_REAL.mp4,0
ggeznaevle_REAL.mp4,0
gghimiqmte_REAL.mp4,0
gglmogiyph_FAKE.mp4,1
ggodqsjxiy_FAKE.mp4,1
ggrmihpsqs_FAKE.mp4,1
ggryyavspl_REAL.mp4,0
ghcudkoxwm_FAKE.mp4,1
ghdiqahfhm_FAKE.mp4,1
ghfplztvht_FAKE.mp4,1
ghvoszafzz_FAKE.mp4,1
gislivuscz_REAL.mp4,0
gjanedngde_REAL.mp4,0
gjjthwadta_REAL.mp4,0
gjkxiicoti_REAL.mp4,0
gkbbngtnfk_FAKE.mp4,1
gkfpevwyvc_FAKE.mp4,1
gkhgmuqxxz_FAKE.mp4,1
gkofdnbgfp_FAKE.mp4,1
gldpafckwo_REAL.mp4,0
gldyjcsxkf_FAKE.mp4,1
glqxarhiyy_REAL.mp4,0
glsgrjerme_FAKE.mp4,1
glttzneqaz_FAKE.mp4,1
gmdaxsmoou_FAKE.mp4,1
gmfomzcsgg_FAKE.mp4,1
gmhppivyji_REAL.mp4,0
gmhrvpxpus_REAL.mp4,0
gmofyywabx_FAKE.mp4,1
gncfjnpreo_REAL.mp4,0
gnjavhtgdp_FAKE.mp4,1
gocuxhyybk_FAKE.mp4,1
gojrmpwuns_FAKE.mp4,1
goqnmudces_REAL.mp4,0
govoedqwdv_REAL.mp4,0
gpaqoqegbn_REAL.mp4,0
gpipuocgfq_FAKE.mp4,1
gplcznqznv_REAL.mp4,0
gplyturbmn_REAL.mp4,0
gpmqqgifmr_REAL.mp4,0
gprwzinlpd_REAL.mp4,0
gpvellvmyj_FAKE.mp4,1
gqiluosbff_FAKE.mp4,1
gqjohkcjww_REAL.mp4,0
gqmmrskwba_REAL.mp4,0
gqobzkvpep_FAKE.mp4,1
gqxlxuohui_REAL.mp4,0
gqxmvibpbl_REAL.mp4,0
grcsdeaphd_REAL.mp4,0
gseqcukgdx_REAL.mp4,0
gsomzkioxq_FAKE.mp4,1
gsxlolioxh_REAL.mp4,0
gtakjbzpjr_REAL.mp4,0
gtvszqcyiu_REAL.mp4,0
gtyvtbojpp_REAL.mp4,0
gudbaucusm_FAKE.mp4,1
gupyznzzsg_FAKE.mp4,1
gurgzgaapw_FAKE.mp4,1
guvtadxsbd_REAL.mp4,0
gvelqlpjlg_FAKE.mp4,1
gvhvwnyqhp_FAKE.mp4,1
gvnjgfmlvx_FAKE.mp4,1
gvzhautbsl_REAL.mp4,0
gwgqpoaben_REAL.mp4,0
gwmolehgvj_FAKE.mp4,1
gxemcrngus_FAKE.mp4,1
gxhmwktmgg_REAL.mp4,0
gxrofltkjn_REAL.mp4,0
gxtkixenvj_REAL.mp4,0
gxusbybkgj_REAL.mp4,0
gycsdchxjv_REAL.mp4,0
gyibxtkqsu_FAKE.mp4,1
gyktewxcsb_REAL.mp4,0
gzjlzygnac_FAKE.mp4,1
gzvsihgvyu_REAL.mp4,0
gzyphxbstz_REAL.mp4,0
haofroidxy_FAKE.mp4,1
hawfsumehu_FAKE.mp4,1
hazbvrlncf_FAKE.mp4,1
hbbqldnatj_FAKE.mp4,1
hbhxlxtxca_FAKE.mp4,1
hbmvxgonmq_REAL.mp4,0
hbouvodtjy_REAL.mp4,0
hbozjjcafn_FAKE.mp4,1
hbxqzasgok_REAL.mp4,0
hchpwjgudx_REAL.mp4,0
hcocbvbpxp_REAL.mp4,0
hculgfktdg_FAKE.mp4,1
hcwlqsoonr_FAKE.mp4,1
hdhosyjdqa_FAKE.mp4,1
hdplrrdvqu_REAL.mp4,0
hduhgvczlj_FAKE.mp4,1
helywhtbcs_REAL.mp4,0
herwmvoobn_FAKE.mp4,1
heyixtkolz_REAL.mp4,0
hfxhgmcsvf_FAKE.mp4,1
hgcbwsvmxh_FAKE.mp4,1
hgsntvpycd_REAL.mp4,0
hhdblnxhtj_REAL.mp4,0
hhqpulohfs_REAL.mp4,0
hhtnxlvfxd_FAKE.mp4,1
hhyykgozwv_FAKE.mp4,1
hischbhubz_FAKE.mp4,1
hiyergvepo_FAKE.mp4,1
hjiwmybauf_REAL.mp4,0
hjkjfmklob_FAKE.mp4,1
hkpsxworpo_REAL.mp4,0
hksbfcpnax_REAL.mp4,0
hkxfkwihoy_REAL.mp4,0
hldqervcxy_REAL.mp4,0
hljmtyrbca_FAKE.mp4,1
hmaiksgpyg_REAL.mp4,0
hmuurfnobk_REAL.mp4,0
hnnlcrqfpf_REAL.mp4,0
hojbefkzhz_REAL.mp4,0
hosqfqqgee_FAKE.mp4,1
hpirlwniwe_FAKE.mp4,1
hpjecyfqrx_REAL.mp4,0
hppwmqphfq_FAKE.mp4,1
hpurahupjh_REAL.mp4,0
hpxkitfcxm_REAL.mp4,0
hqaqgvuwdx_FAKE.mp4,1
hqeldyhmpu_FAKE.mp4,1
hqmvbuwhwa_REAL.mp4,0
hqrrpdijqb_FAKE.mp4,1
hqvhlivsas_REAL.mp4,0
hqytjkkmus_FAKE.mp4,1
hrbrjdctgm_FAKE.mp4,1
hrchuhybuy_FAKE.mp4,1
hrfweylnua_FAKE.mp4,1
hrhzoupjzq_FAKE.mp4,1
hrilefvfga_REAL.mp4,0
hrumbmmwuf_FAKE.mp4,1
hsibptqojw_REAL.mp4,0
hsrvqfoaoy_FAKE.mp4,1
hsubmoizkf_REAL.mp4,0
htgyfaawpd_REAL.mp4,0
huiqdkxjuu_REAL.mp4,0
hvfgnmjmvl_REAL.mp4,0
hvfuvjqdrv_FAKE.mp4,1
hvnzdsvkpa_FAKE.mp4,1
hvshykjvwt_REAL.mp4,0
hvxrsfgvyi_FAKE.mp4,1
hwbnnzmcos_FAKE.mp4,1
hwcpjaebpn_FAKE.mp4,1
hwdclpevyd_REAL.mp4,0
hwmxbzyukd_REAL.mp4,0
hwmybqyceh_FAKE.mp4,1
hwsgjnslze_REAL.mp4,0
hwtjiitwwe_FAKE.mp4,1
hwuxekhvmb_FAKE.mp4,1
hxahnhbnrz_REAL.mp4,0
hyalywahqn_FAKE.mp4,1
hyjedkriqd_REAL.mp4,0
hylzxlfyus_REAL.mp4,0
hyqnbsrinc_FAKE.mp4,1
hyrugmqhbc_FAKE.mp4,1
hyxbgxnsvz_REAL.mp4,0
hzlitwzkhf_FAKE.mp4,1
iaggyguueu_REAL.mp4,0
iahzcxmuck_REAL.mp4,0
ibbcanpfpz_FAKE.mp4,1
ibjkzbpqhd_FAKE.mp4,1
iblrdnkcny_REAL.mp4,0
iboqzcaknp_REAL.mp4,0
ibqoxklbrh_REAL.mp4,0
ibryrelmff_FAKE.mp4,1
ibsjfqtooa_FAKE.mp4,1
ibzihaeowg_FAKE.mp4,1
icbtygxnbe_FAKE.mp4,1
icdpbucptd_REAL.mp4,0
icziwndesh_FAKE.mp4,1
idifdkemcz_FAKE.mp4,1
idizmfmiol_FAKE.mp4,1
idklujzcjs_REAL.mp4,0
idwhtnofel_REAL.mp4,0
idyaoorqlq_REAL.mp4,0
ieespskvba_FAKE.mp4,1
iekkobafvz_FAKE.mp4,1
ielgismpza_REAL.mp4,0
ieplvzbyvl_REAL.mp4,0
ieqilqdtny_FAKE.mp4,1
ieyaeossbx_FAKE.mp4,1
ifcpipovtg_FAKE.mp4,1
ifiidnukqv_FAKE.mp4,1
ifjxjinmwm_FAKE.mp4,1
igkeauszro_FAKE.mp4,1
ihgkxfqczm_REAL.mp4,0
ihjiysecxt_REAL.mp4,0
ihknrbxosz_REAL.mp4,0
ihrvzwzbab_REAL.mp4,0
iibdamwadw_REAL.mp4,0
iibfhdltcd_FAKE.mp4,1
iiefdnlzps_FAKE.mp4,1
iifumipimm_FAKE.mp4,1
iitkiiwmyx_FAKE.mp4,1
ijecyudlvs_FAKE.mp4,1
ijgnftkova_FAKE.mp4,1
ijkswoield_REAL.mp4,0
ijpnvvtakw_REAL.mp4,0
ijxbyfwxse_REAL.mp4,0
ikoqjcdupk_REAL.mp4,0
ikspwznybb_FAKE.mp4,1
ilefzzpsik_FAKE.mp4,1
imvptioztm_REAL.mp4,0
indoiqhinq_REAL.mp4,0
inhobwkrgo_REAL.mp4,0
inlurljyft_FAKE.mp4,1
inneixkosf_REAL.mp4,0
inrodxmtmz_FAKE.mp4,1
inspmkixlc_FAKE.mp4,1
intdikbydt_FAKE.mp4,1
ioruwzdrhe_REAL.mp4,0
ipibsjqofq_FAKE.mp4,1
ipudumrvde_REAL.mp4,0
ipvzfekfwu_REAL.mp4,0
iqigcfmdmy_REAL.mp4,0
iqjzxqooem_FAKE.mp4,1
iqygzjmnpv_REAL.mp4,0
iqzgrscbcu_FAKE.mp4,1
irdptfgpbb_REAL.mp4,0
isdffajhii_FAKE.mp4,1
isgmhzcnsn_REAL.mp4,0
isixfyxvcp_FAKE.mp4,1
isqyfxebiv_FAKE.mp4,1
isrtayaexy_FAKE.mp4,1
itkfiidxuu_FAKE.mp4,1
itnkworuoe_FAKE.mp4,1
itoiaabhko_REAL.mp4,0
itsdmmtdxg_REAL.mp4,0
iucnlyadlt_REAL.mp4,0
iueelzuywc_REAL.mp4,0
iuhjpblryw_REAL.mp4,0
iusawyxkvl_FAKE.mp4,1
iutqppzovu_REAL.mp4,0
iuxopnkzzc_FAKE.mp4,1
ivzpsahjfw_FAKE.mp4,1
iwljtmarck_FAKE.mp4,1
iwnfvkmktq_REAL.mp4,0
iwnzvpjumj_FAKE.mp4,1
iwqcdlurfz_REAL.mp4,0
iwvynfufaq_FAKE.mp4,1
iwzbgmtsuh_REAL.mp4,0
ixbbqxbrci_FAKE.mp4,1
ixiemiordj_REAL.mp4,0
ixlipbxbyl_REAL.mp4,0
iyvivvcthl_REAL.mp4,0
iyzvsvstsw_FAKE.mp4,1
izbbmenvrw_REAL.mp4,0
izcgakoubh_FAKE.mp4,1
izlzwaqpsw_FAKE.mp4,1
izoywnwvzc_REAL.mp4,0
jarcxupfvu_FAKE.mp4,1
jatpyqmdhn_REAL.mp4,0
jbgdikwbwr_REAL.mp4,0
jbqqqhuiir_REAL.mp4,0
jcdsliebdg_REAL.mp4,0
jcfhtypqnv_REAL.mp4,0
jcfthjznna_REAL.mp4,0
jchzhrmmuk_FAKE.mp4,1
jcpcvrmtwj_FAKE.mp4,1
jcrpwhrpyk_FAKE.mp4,1
jcyfzyfnjs_REAL.mp4,0
jczhxeqapk_FAKE.mp4,1
jdirunzeah_FAKE.mp4,1
jdkceovlzn_FAKE.mp4,1
jdkdqqlxag_REAL.mp4,0
jdqwhvbsbe_REAL.mp4,0
jdrlqvwpwn_FAKE.mp4,1
jdrrxwlmfe_FAKE.mp4,1
jdsgwxuyin_REAL.mp4,0
jdxnotoadb_REAL.mp4,0
jdzkykqgsx_REAL.mp4,0
jeouiqhagh_FAKE.mp4,1
jetvxgotuz_REAL.mp4,0
jeuybgsqre_REAL.mp4,0
jfcsumiude_FAKE.mp4,1
jfnucwnoby_REAL.mp4,0
jfrfcnodxt_REAL.mp4,0
jfukvmrirl_FAKE.mp4,1
jfwbtzpwds_FAKE.mp4,1
jgfvexwjix_FAKE.mp4,1
jgjedubejh_REAL.mp4,0
jgkmoxkxmg_FAKE.mp4,1
jhdhlxruqo_REAL.mp4,0
jhjplwemul_FAKE.mp4,1
jidbmqevbi_REAL.mp4,0
jigtcgxbro_FAKE.mp4,1
jilfwcuyrp_REAL.mp4,0
jiprjbmojq_FAKE.mp4,1
jiutglcbhf_FAKE.mp4,1
jjylebqgmf_FAKE.mp4,1
jjzhotwzlf_FAKE.mp4,1
jjzveabagf_REAL.mp4,0
jkerwpnymv_FAKE.mp4,1
jkqvidhxwz_REAL.mp4,0
jkrbsekajk_REAL.mp4,0
jlnatrmsqw_REAL.mp4,0
jlomryzlcu_REAL.mp4,0
jlpdigyqvw_FAKE.mp4,1
jmrfbhqnqk_REAL.mp4,0
jnaftxxutz_FAKE.mp4,1
jncnyigscz_REAL.mp4,0
jnrbjcsxlz_REAL.mp4,0
jnsjlslwuk_REAL.mp4,0
joadtqvfwc_REAL.mp4,0
jobjurhuvr_FAKE.mp4,1
jonyhxktri_FAKE.mp4,1
jotosdekah_REAL.mp4,0
jovcwgatlt_REAL.mp4,0
joywacizgw_REAL.mp4,0
jpaaavcygy_REAL.mp4,0
jphdtidaxt_FAKE.mp4,1
jpsqzmhcnw_FAKE.mp4,1
jpuaeekbgd_REAL.mp4,0
jpwykgqklz_REAL.mp4,0
jqbynrrpsx_REAL.mp4,0
jqgiabjdum_REAL.mp4,0
jqqbnrvzkp_FAKE.mp4,1
jqvvlcurkn_FAKE.mp4,1
jqwvvaqpao_FAKE.mp4,1
jrwqouwlzc_FAKE.mp4,1
jrymyxtjqo_FAKE.mp4,1
jseujyrgvb_FAKE.mp4,1
jsgivepvkt_FAKE.mp4,1
jsnghlpxpu_REAL.mp4,0
jsqwrghyep_FAKE.mp4,1
jswuqkcikl_REAL.mp4,0
jsydtyxubs_REAL.mp4,0
jtpaxywixp_FAKE.mp4,1
judokbfarj_FAKE.mp4,1
juigeuwbxn_FAKE.mp4,1
jvyohfbofm_FAKE.mp4,1
jvzugoakqs_FAKE.mp4,1
jwtljeywdu_REAL.mp4,0
jwvojvpdco_REAL.mp4,0
jxbqefkgfx_FAKE.mp4,1
jxchbmkrls_REAL.mp4,0
jxuhwzpmfu_REAL.mp4,0
jxwskmzbfm_REAL.mp4,0
jyaayteeax_FAKE.mp4,1
jydanfaxzg_REAL.mp4,0
jyesjccdcb_REAL.mp4,0
jyfosgjout_FAKE.mp4,1
jytpcjdtol_FAKE.mp4,1
jyzxegmmwv_FAKE.mp4,1
kalvfzrewe_FAKE.mp4,1
kamjhvfvnh_FAKE.mp4,1
kbdwxflsla_REAL.mp4,0
kbirfevcnc_REAL.mp4,0
kbotycwffb_REAL.mp4,0
kbvmfoaibz_REAL.mp4,0
kcdbqpoxwg_REAL.mp4,0
kcigedckrv_FAKE.mp4,1
kdcmnzjbzk_REAL.mp4,0
kdctuhvecr_FAKE.mp4,1
kdefnrodrw_REAL.mp4,0
kdgqkztgci_REAL.mp4,0
kdowsulnwf_REAL.mp4,0
keajbbcwio_REAL.mp4,0
kelgughqjl_FAKE.mp4,1
kfcxihahhx_REAL.mp4,0
kfmtdqndxt_FAKE.mp4,1
kfztdvoaym_FAKE.mp4,1
kfzuekxbbb_REAL.mp4,0
kgankggyry_REAL.mp4,0
kgkacwnjlr_REAL.mp4,0
kgotoprpim_FAKE.mp4,1
kgsaofsayk_REAL.mp4,0
khiakfbewd_REAL.mp4,0
khkohvyxzx_FAKE.mp4,1
khnqntehnr_FAKE.mp4,1
khowqcfplw_REAL.mp4,0
khvkxzhtou_REAL.mp4,0
kidnbazrie_FAKE.mp4,1
kiotoqmmfj_REAL.mp4,0
kiujlawptr_REAL.mp4,0
kjjanhdpcz_REAL.mp4,0
kjobwmrzli_FAKE.mp4,1
kjprxkipkn_REAL.mp4,0
kjybakhmkb_FAKE.mp4,1
kjylepubtv_FAKE.mp4,1
kjzecsljuh_REAL.mp4,0
klqllljjkm_REAL.mp4,0
klqufdyaxx_REAL.mp4,0
kmarniljak_FAKE.mp4,1
kmkvxunbop_REAL.mp4,0
kmujxmbolf_FAKE.mp4,1
kngxukvdfw_FAKE.mp4,1
knjbuviztq_FAKE.mp4,1
knoaflgjao_FAKE.mp4,1
koklqvyfwy_REAL.mp4,0
kokzykdryo_REAL.mp4,0
koluqlpreb_FAKE.mp4,1
kplwmpwixn_FAKE.mp4,1
kqatztogld_REAL.mp4,0
kqlxflempd_REAL.mp4,0
kqnwutdvpd_REAL.mp4,0
krcahkpiwj_REAL.mp4,0
krevdgqbuz_FAKE.mp4,1
krfikbkhck_FAKE.mp4,1
krfzpznfum_FAKE.mp4,1
krooxscbam_REAL.mp4,0
krvzccwvcq_FAKE.mp4,1
ksfgswbvck_REAL.mp4,0
ktbsegcghb_REAL.mp4,0
ktdrwvfkdv_REAL.mp4,0
ktvmufyaqf_FAKE.mp4,1
ktxafitolf_REAL.mp4,0
ktydfbehhh_REAL.mp4,0
kucoqzfsnh_REAL.mp4,0
kudbhwulll_REAL.mp4,0
kugfpimhcx_REAL.mp4,0
kumqlqovmi_FAKE.mp4,1
kuqbgbrypa_REAL.mp4,0
kvlfhklrua_FAKE.mp4,1
kvmpkajdru_FAKE.mp4,1
kvnxqoxyci_REAL.mp4,0
kvyoetiwjj_REAL.mp4,0
kwpdqspfwl_REAL.mp4,0
kwsraaqime_REAL.mp4,0
kxchysmyhl_REAL.mp4,0
kxteplqxyk_REAL.mp4,0
kypiwidnwt_REAL.mp4,0
kyqibupien_REAL.mp4,0
kyyplhtepd_FAKE.mp4,1
kyzjenzjgn_REAL.mp4,0
kzcrsygmvs_REAL.mp4,0
kzjtxcefds_FAKE.mp4,1
kzlldythox_FAKE.mp4,1
kzmywxbybr_REAL.mp4,0
lamilgnfxw_REAL.mp4,0
langkfbayd_FAKE.mp4,1
lasszfurox_REAL.mp4,0
laugsqcihw_REAL.mp4,0
lbjlsrqbbv_REAL.mp4,0
lbtnxtlfps_REAL.mp4,0
lbuomrrcgz_REAL.mp4,0
lbyukmndzx_FAKE.mp4,1
lcipixrtmn_FAKE.mp4,1
ldjrbrgqql_FAKE.mp4,1
ldsorsepac_FAKE.mp4,1
ldtihaxrwe_REAL.mp4,0
lelxhkmeea_REAL.mp4,0
lepymemcss_REAL.mp4,0
lfebjpyjvn_FAKE.mp4,1
lfmffuaqid_REAL.mp4,0
lfvsfxqmym_FAKE.mp4,1
lfvvzweczk_REAL.mp4,0
lgmkhtfmls_FAKE.mp4,1
lgvbdveuyj_REAL.mp4,0
lhlewwawgc_FAKE.mp4,1
liafkksaer_REAL.mp4,0
libmsmajwz_REAL.mp4,0
likxmbtcon_FAKE.mp4,1
ljedchviiy_FAKE.mp4,1
ljnasyvolh_REAL.mp4,0
lkdtszjxxp_FAKE.mp4,1
lkypoiafbx_REAL.mp4,0
llbhwffeqx_REAL.mp4,0
llbticqvai_FAKE.mp4,1
lldrkbdavb_REAL.mp4,0
lluxnneqnc_FAKE.mp4,1
lmacrzidyh_REAL.mp4,0
lmbvoxhowe_REAL.mp4,0
lmcnonfhgz_FAKE.mp4,1
lmfbeiysou_FAKE.mp4,1
lmfbgvaiyn_FAKE.mp4,1
lmpobwmsdd_FAKE.mp4,1
lndvgnppxi_FAKE.mp4,1
lnhshsgucc_FAKE.mp4,1
lnieuaoklr_FAKE.mp4,1
lnsijmbeuo_REAL.mp4,0
lohvbaadme_FAKE.mp4,1
lopwqbglmi_REAL.mp4,0
loxrvukpvg_FAKE.mp4,1
lpehcmqazm_FAKE.mp4,1
lpwblbyqyc_FAKE.mp4,1
lqeprskvea_REAL.mp4,0
lqsvbnfnbp_FAKE.mp4,1
lrectrbffn_FAKE.mp4,1
lrgeacuhsa_FAKE.mp4,1
lrtnfxnapq_REAL.mp4,0
lrtrklgmws_FAKE.mp4,1
lrwhdioasg_REAL.mp4,0
lrxvxvhvfu_REAL.mp4,0
lsbohfmkgw_FAKE.mp4,1
lthhnbvcyp_REAL.mp4,0
ltrzlbdwal_FAKE.mp4,1
ltvsejcpzp_REAL.mp4,0
ltzpkkpqpo_FAKE.mp4,1
lugqekylbt_REAL.mp4,0
lvdtudroiy_FAKE.mp4,1
lvlbdnhqsa_FAKE.mp4,1
lvnfhvbmuj_FAKE.mp4,1
lvpxhfsvir_REAL.mp4,0
lvrhszyrlj_FAKE.mp4,1
lvttaicutc_FAKE.mp4,1
lvvphmcuax_REAL.mp4,0
lwaatqeuxv_FAKE.mp4,1
lwdjuxzfdg_REAL.mp4,0
lwmbepxbgs_FAKE.mp4,1
lwqctvhygm_FAKE.mp4,1
lxadgjqzbf_REAL.mp4,0
lxdkuhmocd_REAL.mp4,0
lxpjxggnqw_FAKE.mp4,1
lxsqpdmxli_REAL.mp4,0
lyjbrubuxc_FAKE.mp4,1
lyjxdyybtj_FAKE.mp4,1
lynpsduasp_FAKE.mp4,1
lyuzrrrafd_FAKE.mp4,1
lyyctrjyhr_REAL.mp4,0
lzjsxpefxl_FAKE.mp4,1
lzxzceimmq_REAL.mp4,0
lzzqbqakel_REAL.mp4,0
maapzmcfql_FAKE.mp4,1
maargttira_FAKE.mp4,1
mafctkiedz_REAL.mp4,0
makwjvntae_FAKE.mp4,1
maqvbxocqt_REAL.mp4,0
masczbqcsi_FAKE.mp4,1
matfoqygky_REAL.mp4,0
mceildthyn_FAKE.mp4,1
mceooocbap_FAKE.mp4,1
mdbszcqwko_FAKE.mp4,1
mdszltopjc_FAKE.mp4,1
mdzgrtnykj_FAKE.mp4,1
mefzlyckro_REAL.mp4,0
mejgvrwhyg_REAL.mp4,0
mejxwrvpiu_FAKE.mp4,1
memnxlijxy_FAKE.mp4,1
mexwrnhhyo_FAKE.mp4,1
mfaqvlpodq_REAL.mp4,0
mfhdprwfcs_REAL.mp4,0
mgidsfaxnv_REAL.mp4,0
mgyyyryhbf_REAL.mp4,0
mhcclzkgxn_FAKE.mp4,1
mhjkcxbvvx_FAKE.mp4,1
mhlrkzbydm_FAKE.mp4,1
mhvebxvhsx_REAL.mp4,0
mifkehwwyz_REAL.mp4,0
minqtfpttp_REAL.mp4,0
misusdkemd_REAL.mp4,0
miysdgsjvp_REAL.mp4,0
mjglsobpen_FAKE.mp4,1
mjilrbhewf_FAKE.mp4,1
mjyynevytl_FAKE.mp4,1
mktoozqbnc_FAKE.mp4,1
mkvuuxacvv_FAKE.mp4,1
mlddfvsusz_FAKE.mp4,1
mlmgockhuq_REAL.mp4,0
mlqqlgkteh_FAKE.mp4,1
mlzxzjsnag_FAKE.mp4,1
mmdkogggyc_REAL.mp4,0
mmqkateles_FAKE.mp4,1
mmvheqsviw_REAL.mp4,0
mnauchmbdz_FAKE.mp4,1
mnfuffsfjl_REAL.mp4,0
mnicddcljt_REAL.mp4,0
mnzqivjzco_FAKE.mp4,1
modjdqzxbr_REAL.mp4,0
moqrxmkqsw_REAL.mp4,0
mpbaqpxptp_REAL.mp4,0
mpcmvqondf_REAL.mp4,0
mpnypfhpbb_REAL.mp4,0
mprocmdczn_FAKE.mp4,1
mprzzwuowr_FAKE.mp4,1
mpyxwanaqt_REAL.mp4,0
mqkxdbmyey_FAKE.mp4,1
mqprzlarem_FAKE.mp4,1
mqxicvgiay_FAKE.mp4,1
mrbvjsgjcw_REAL.mp4,0
mrerjyjvds_FAKE.mp4,1
mrmaimxhjn_REAL.mp4,0
mroaffgtfs_REAL.mp4,0
mruejctvzq_FAKE.mp4,1
mshxwkglsp_FAKE.mp4,1
msvcxwwqbf_FAKE.mp4,1
mtjitcgpfy_REAL.mp4,0
mudjcfiakq_REAL.mp4,0
mujvaawfap_FAKE.mp4,1
mukyckrtih_FAKE.mp4,1
murqahmgyj_REAL.mp4,0
murwigvceo_REAL.mp4,0
muzoszxxkd_FAKE.mp4,1
muzyxgwkml_REAL.mp4,0
mvbucspkbf_FAKE.mp4,1
mvtucrowxm_FAKE.mp4,1
mvzqixcapj_FAKE.mp4,1
mwtcwknkuv_FAKE.mp4,1
mwwselsikq_FAKE.mp4,1
mxjdaearlo_REAL.mp4,0
mxsmrmjcsv_REAL.mp4,0
myqvdwvfbe_FAKE.mp4,1
myydbsyecm_REAL.mp4,0
mzaggsvtyp_FAKE.mp4,1
mzpvongxdf_FAKE.mp4,1
mzrmizvxsq_REAL.mp4,0
mzrzzhsdax_REAL.mp4,0
mzssknmpxu_FAKE.mp4,1
mzvkrctnjn_REAL.mp4,0
nakrjdvxgr_REAL.mp4,0
namgagxcng_FAKE.mp4,1
narfmfezcg_REAL.mp4,0
nbphsempfr_FAKE.mp4,1
nbrkoihtck_REAL.mp4,0
nbtyeoapln_REAL.mp4,0
nbyyspkdkk_FAKE.mp4,1
ncokiwnqdj_REAL.mp4,0
ndntnxhgsr_REAL.mp4,0
ndpytliklg_REAL.mp4,0
ndqgkgnylx_FAKE.mp4,1
ndqxtifvbw_REAL.mp4,0
ndtiurivhc_FAKE.mp4,1
ndzaasjzmx_FAKE.mp4,1
nefwkyjktt_REAL.mp4,0
nevzumkxgv_REAL.mp4,0
neyapofpos_FAKE.mp4,1
nezdynaehr_FAKE.mp4,1
nfckwrsfif_REAL.mp4,0
ngbixvttnd_FAKE.mp4,1
ngxgcuotvc_FAKE.mp4,1
nhmmllqntc_REAL.mp4,0
nhygglussv_REAL.mp4,0
nibfaulvut_REAL.mp4,0
nifgzvkblp_FAKE.mp4,1
niuahgmais_FAKE.mp4,1
njewytntow_REAL.mp4,0
njgumijotw_REAL.mp4,0
njnkhqprzw_REAL.mp4,0
nkazzgivmu_FAKE.mp4,1
nknvnlsuhw_FAKE.mp4,1
nkxybyoptw_FAKE.mp4,1
nleiazpozc_FAKE.mp4,1
nliofvksed_REAL.mp4,0
nlixkyvunj_REAL.mp4,0
nlrmgdqfnr_REAL.mp4,0
nmdkoichxj_REAL.mp4,0
nmupmlzmld_FAKE.mp4,1
nmxhxhkhxj_REAL.mp4,0
nneshdsxzg_REAL.mp4,0
nnoewbrfdn_REAL.mp4,0
nofipjebdq_FAKE.mp4,1
npfftxegxs_FAKE.mp4,1
npowjyfbiv_REAL.mp4,0
npuqwhbzut_FAKE.mp4,1
npxjgwchlb_REAL.mp4,0
npzidjrmup_REAL.mp4,0
nqqojagqeg_FAKE.mp4,1
nqynuhnklk_REAL.mp4,0
nrfwrjlnfz_REAL.mp4,0
nrtwlhektm_FAKE.mp4,1
nrwcufxspx_REAL.mp4,0
nryzsuekri_REAL.mp4,0
nsgrfxfgzx_FAKE.mp4,1
nszhfynfla_FAKE.mp4,1
nszxkhqmrg_REAL.mp4,0
nthlmvjxac_REAL.mp4,0
ntlzabqwkd_FAKE.mp4,1
ntzdddfzui_FAKE.mp4,1
ntzunomgei_REAL.mp4,0
nugkfydnpf_FAKE.mp4,1
nuhencoeic_REAL.mp4,0
nuhmeanhpu_REAL.mp4,0
nunjcarakf_FAKE.mp4,1
nuumleudbr_FAKE.mp4,1
nvbaqvriaf_FAKE.mp4,1
nvbxhyabfo_REAL.mp4,0
nvkzpexyzg_REAL.mp4,0
nvoshqrlzq_FAKE.mp4,1
nwazybtjqh_FAKE.mp4,1
nwcjuolyzc_FAKE.mp4,1
nwibsvyrdg_FAKE.mp4,1
nwjmjtqccp_REAL.mp4,0
nwnimkrvyp_REAL.mp4,0
nwrioylyfa_FAKE.mp4,1
nxhbjdrosg_FAKE.mp4,1
nxibzxvypr_FAKE.mp4,1
nxryfqmkjz_REAL.mp4,0
nxtsawqotg_REAL.mp4,0
nxxktzrwie_FAKE.mp4,1
nybubisgar_REAL.mp4,0
nykfckrlki_REAL.mp4,0
nyukgmudmb_FAKE.mp4,1
nyypvkmqsg_REAL.mp4,0
nyysglnjxl_REAL.mp4,0
nzdvbsiecc_FAKE.mp4,1
nzhlwidapj_REAL.mp4,0
nznlluqvvg_FAKE.mp4,1
nzpbjfippe_REAL.mp4,0
oaqwwpvsjn_REAL.mp4,0
obahajvqzm_REAL.mp4,0
obhwrfyddp_FAKE.mp4,1
objkjmlipn_FAKE.mp4,1
obrmbvxnoc_REAL.mp4,0
obtflqoldv_REAL.mp4,0
ocgfovgiaf_FAKE.mp4,1
ocnrycgmwm_REAL.mp4,0
octqkaomhs_FAKE.mp4,1
ocwkbqjebk_FAKE.mp4,1
ocwkmbqfuh_FAKE.mp4,1
odfrjlghze_FAKE.mp4,1
odjtvuqqwr_FAKE.mp4,1
odmcwgyvij_REAL.mp4,0
odmeoekpyu_REAL.mp4,0
oebkdhhway_FAKE.mp4,1
oefxacxmvl_FAKE.mp4,1
oeplwjlhxd_FAKE.mp4,1
oequguujid_FAKE.mp4,1
ofapaanpkl_REAL.mp4,0
ofemahvmvm_REAL.mp4,0
ofmrqfemne_REAL.mp4,0
ofouaavqrm_FAKE.mp4,1
ofxdydegsc_FAKE.mp4,1
oggjtmpnrb_FAKE.mp4,1
ogpkqhvhcf_FAKE.mp4,1
ogxclikmst_FAKE.mp4,1
ohkxgejaha_REAL.mp4,0
oicwjiwxxt_FAKE.mp4,1
oiozwvrdry_REAL.mp4,0
oiwgdplgju_FAKE.mp4,1
ojcvdrnsry_REAL.mp4,0
ojkpuxkcsw_FAKE.mp4,1
ojxeusdtmm_FAKE.mp4,1
ojyacvpwry_FAKE.mp4,1
ojzbsuvrts_REAL.mp4,0
ojzqvmnriv_REAL.mp4,0
okegqbwvve_REAL.mp4,0
okouvrwunn_FAKE.mp4,1
oleepraewl_REAL.mp4,0
omdwriqrpp_FAKE.mp4,1
omevhssnvx_REAL.mp4,0
omfvhpdvio_FAKE.mp4,1
omlmfbrurg_REAL.mp4,0
omnuhgdgwt_FAKE.mp4,1
omywaxdvwu_FAKE.mp4,1
oncjwhsgas_FAKE.mp4,1
ondrruihyu_REAL.mp4,0
onsvqlwjgw_FAKE.mp4,1
onwzxyouet_REAL.mp4,0
ooavdkhcnf_REAL.mp4,0
ooeawbvoyo_REAL.mp4,0
ooxnksfypf_REAL.mp4,0
ooxrgvtsxr_FAKE.mp4,1
oozqtipigw_REAL.mp4,0
opbpochwzs_FAKE.mp4,1
opfbltyqhy_FAKE.mp4,1
oqhiqiduep_REAL.mp4,0
oqmwbfcejq_FAKE.mp4,1
oqszqpllcu_REAL.mp4,0
oqvqrspsuj_FAKE.mp4,1
oqwvjyxlej_REAL.mp4,0
orjhjhvoix_FAKE.mp4,1
oroamxxelo_REAL.mp4,0
oscxjoddld_REAL.mp4,0
osgiimpzjq_REAL.mp4,0
osjaqtkkdt_REAL.mp4,0
ossqgahpqp_FAKE.mp4,1
otstolupuo_FAKE.mp4,1
ottceqscky_FAKE.mp4,1
oujgnraxln_REAL.mp4,0
ouosgpaywa_REAL.mp4,0
oupjhtodai_REAL.mp4,0
ouslpwefgh_REAL.mp4,0
ovcdgefpdj_REAL.mp4,0
owaslepiun_REAL.mp4,0
owqgyjveoz_FAKE.mp4,1
owsesuawmk_REAL.mp4,0
oxbcpirwua_REAL.mp4,0
oxeupoccru_FAKE.mp4,1
oxjlvoodfh_FAKE.mp4,1
oybwzyvrhn_REAL.mp4,0
oydauenaco_REAL.mp4,0
oyiniibfdc_REAL.mp4,0
oyllgjgwht_REAL.mp4,0
oymwxrcrwd_FAKE.mp4,1
oyustpaaex_FAKE.mp4,1
ozjsukibfx_REAL.mp4,0
ozlhgahzrv_FAKE.mp4,1
pactbbhnhl_REAL.mp4,0
paigtzbcuv_REAL.mp4,0
pakijlehhl_FAKE.mp4,1
palsywrlab_REAL.mp4,0
papogkywdx_REAL.mp4,0
pasbcpumba_FAKE.mp4,1
pblecccxyh_REAL.mp4,0
pcgyivytcz_FAKE.mp4,1
pctljbtwvx_REAL.mp4,0
pdjrykqwhi_FAKE.mp4,1
pepxofvpjc_REAL.mp4,0
pertjakiyi_REAL.mp4,0
pfaifvzmaa_FAKE.mp4,1
pftfakmxpw_FAKE.mp4,1
pgckoxvxvd_FAKE.mp4,1
pghraehpov_FAKE.mp4,1
pgmnnzwcuu_REAL.mp4,0
pgwvpgnoeq_REAL.mp4,0
pgxorcqskw_FAKE.mp4,1
phjevxqkxu_REAL.mp4,0
phzijipsqo_FAKE.mp4,1
pimrsfwcwm_REAL.mp4,0
pjfyovbzvf_REAL.mp4,0
pjnsejazpl_REAL.mp4,0
pjolasryaq_FAKE.mp4,1
pjrlegmgry_REAL.mp4,0
pjsczfjhla_FAKE.mp4,1
pkhkfxdicm_FAKE.mp4,1
pkisaekjge_FAKE.mp4,1
pkvcqzjsim_REAL.mp4,0
pkzaqynwoe_FAKE.mp4,1
plrkbldxyp_FAKE.mp4,1
pluqjkqszt_FAKE.mp4,1
pmgvhydmtr_REAL.mp4,0
pmsajeqzpl_FAKE.mp4,1
pmwvepegll_FAKE.mp4,1
pnpalkrznu_REAL.mp4,0
pnpyiohvrh_FAKE.mp4,1
pnrtppildr_FAKE.mp4,1
pnuieeypbl_FAKE.mp4,1
pnumreufox_FAKE.mp4,1
pnwbmckzuh_REAL.mp4,0
pobtjgnbxd_FAKE.mp4,1
pohnfudvyb_REAL.mp4,0
pojvwuawan_FAKE.mp4,1
ponvsykciz_REAL.mp4,0
ppdmldrwmq_REAL.mp4,0
ppjaaacxea_REAL.mp4,0
ppjbamhhnx_FAKE.mp4,1
ppwpmbboyj_FAKE.mp4,1
pqcmvupjkq_REAL.mp4,0
pqcxyoffjh_REAL.mp4,0
pqmolaziou_REAL.mp4,0
pqvzyeptpf_REAL.mp4,0
psgxemizbf_REAL.mp4,0
pslxmuatrm_FAKE.mp4,1
psqvrrxuiv_FAKE.mp4,1
ptlrtncaqy_FAKE.mp4,1
ptnzsvzlej_FAKE.mp4,1
ptozvzlhny_REAL.mp4,0
ptzxvjgjwz_REAL.mp4,0
pugtgocjzr_FAKE.mp4,1
pukazvyxsq_FAKE.mp4,1
purxqukfuh_FAKE.mp4,1
puzwojcrbe_REAL.mp4,0
pvbvaosojl_FAKE.mp4,1
pxybdhuebe_REAL.mp4,0
pyhdqhvfmi_FAKE.mp4,1
pywweersld_FAKE.mp4,1
pyzuldgecn_FAKE.mp4,1
pzgeyymivj_FAKE.mp4,1
pzqxzikhwm_FAKE.mp4,1
pzymesrkiw_REAL.mp4,0
qagitrexta_REAL.mp4,0
qaknxageki_REAL.mp4,0
qakprhrdpo_REAL.mp4,0
qawzmmogfi_FAKE.mp4,1
qbcfkasycp_REAL.mp4,0
qbearsyziz_REAL.mp4,0
qbgxteuxcm_FAKE.mp4,1
qbhwgtoxtw_REAL.mp4,0
qbigcxlref_FAKE.mp4,1
qchlvnlvbq_REAL.mp4,0
qclxjhdxwy_FAKE.mp4,1
qclytvnchv_FAKE.mp4,1
qcmmdedmfx_FAKE.mp4,1
qcohlfrfzb_REAL.mp4,0
qdbiwougrn_REAL.mp4,0
qdedmpcthy_REAL.mp4,0
qdjxabkqsu_FAKE.mp4,1
qdkcjwbzek_FAKE.mp4,1
qdtarwtswk_FAKE.mp4,1
qdwudkptxp_REAL.mp4,0
qebmvcnrci_FAKE.mp4,1
qeldxuikby_FAKE.mp4,1
qelncdmypn_REAL.mp4,0
qerfvwacdh_FAKE.mp4,1
qerzuiktae_FAKE.mp4,1
qewhficabz_FAKE.mp4,1
qfivssvisf_FAKE.mp4,1
qgbbcbddkw_REAL.mp4,0
qgenivlwxx_FAKE.mp4,1
qggoaluomc_FAKE.mp4,1
qgqlxwyphq_FAKE.mp4,1
qhanuectob_REAL.mp4,0
qhbwmeuvlk_REAL.mp4,0
qhkkwmfeou_FAKE.mp4,1
qhzbgfpwqm_REAL.mp4,0
qimrefcrsq_FAKE.mp4,1
qiosphoted_REAL.mp4,0
qiqdfujmpi_FAKE.mp4,1
qiqonryknn_FAKE.mp4,1
qiuvlhixsm_REAL.mp4,0
qixvgwxtsu_REAL.mp4,0
qiyfmmstkg_FAKE.mp4,1
qjmvtrvzmh_FAKE.mp4,1
qjpjsbuowe_REAL.mp4,0
qjszghlgdt_REAL.mp4,0
qjxukectwt_FAKE.mp4,1
qkhqtedugp_FAKE.mp4,1
qkhwkgevey_FAKE.mp4,1
qkjdawzkvu_REAL.mp4,0
qkkzignpbc_REAL.mp4,0
qknolltspg_REAL.mp4,0
qlizhzamzj_FAKE.mp4,1
qluebrnvej_REAL.mp4,0
qmiqxayknw_FAKE.mp4,1
qmobnwdmpo_REAL.mp4,0
qmxljrjjrs_FAKE.mp4,1
qnzlzrntkx_REAL.mp4,0
qnznfiqpmi_REAL.mp4,0
qoddkufnto_REAL.mp4,0
qoienvsltv_FAKE.mp4,1
qorxoylihq_FAKE.mp4,1
qosgkfxfuv_FAKE.mp4,1
qovpidorer_REAL.mp4,0
qoxnjztdty_FAKE.mp4,1
qpcwnuqpvo_REAL.mp4,0
qpjsxkfncj_FAKE.mp4,1
qptogrvbcp_FAKE.mp4,1
qpuejqfxgr_FAKE.mp4,1
qqdrmpzcqr_FAKE.mp4,1
qqvdlzfqib_FAKE.mp4,1
qrbjzzpunu_REAL.mp4,0
qrjyrvywwd_FAKE.mp4,1
qrskwfuerk_FAKE.mp4,1
qryroqnlhm_FAKE.mp4,1
qrzldfwjbo_FAKE.mp4,1
qsuiuigxlo_FAKE.mp4,1
qswdfonccj_REAL.mp4,0
qtbdbfqnek_REAL.mp4,0
qtiqkcjuod_FAKE.mp4,1
qtlcdhmtzh_FAKE.mp4,1
qtletddfik_REAL.mp4,0
qtmfbdnoxh_FAKE.mp4,1
qtqyglbdem_REAL.mp4,0
qtumgbdagm_REAL.mp4,0
qturxbjqxl_FAKE.mp4,1
quoncyglpc_REAL.mp4,0
qusajxrbya_FAKE.mp4,1
qvngqavofg_REAL.mp4,0
qvyrlitoka_REAL.mp4,0
qwcwytogit_REAL.mp4,0
qwfjxnwjqm_FAKE.mp4,1
qxjvqhwevt_FAKE.mp4,1
qxsltlzxyc_FAKE.mp4,1
qxtboblspn_FAKE.mp4,1
qxtoukhyts_REAL.mp4,0
qyenuecjgh_REAL.mp4,0
qygvqadqzp_REAL.mp4,0
qyiwevbmce_REAL.mp4,0
qylogqsvxq_FAKE.mp4,1
qytaiboeep_REAL.mp4,0
qywebapqhk_FAKE.mp4,1
qyyynuqisv_REAL.mp4,0
qzaqqnsoeb_REAL.mp4,0
qzcsywocvv_REAL.mp4,0
qzfmctgxcs_REAL.mp4,0
qzgdazqwzy_FAKE.mp4,1
qznhyuycnu_FAKE.mp4,1
qzucqrxmaj_REAL.mp4,0
ravwxtbkgt_FAKE.mp4,1
rbyrwvsgeb_FAKE.mp4,1
rdtcetmywq_REAL.mp4,0
rexgunpmvz_FAKE.mp4,1
rfbhmfkysx_FAKE.mp4,1
rgfypgfozg_FAKE.mp4,1
rhqrpbygxy_REAL.mp4,0
rhylsjrigb_REAL.mp4,0
riciyrtwdh_FAKE.mp4,1
riiasslukr_REAL.mp4,0
riqjqnyrlo_REAL.mp4,0
riqsligtkj_REAL.mp4,0
riqsogxost_FAKE.mp4,1
rixjixvthd_REAL.mp4,0
rixkkyppdm_REAL.mp4,0
rjkrejuatj_REAL.mp4,0
rjzvgihmuu_REAL.mp4,0
rkdheztcht_FAKE.mp4,1
rkfimbwyir_FAKE.mp4,1
rkjhxvdnsv_REAL.mp4,0
rksowurrwf_FAKE.mp4,1
rlpncrnxjv_REAL.mp4,0
rlspukkkmb_REAL.mp4,0
rmetbovdtp_FAKE.mp4,1
rmldoykgzt_REAL.mp4,0
rmskuissxs_REAL.mp4,0
rmwbrucyvz_FAKE.mp4,1
rnhstrkmie_FAKE.mp4,1
rnhtvzkfqv_FAKE.mp4,1
rnkkemwhfq_FAKE.mp4,1
rnpsnnbrwu_REAL.mp4,0
rnqtslhcka_FAKE.mp4,1
rnrcrhiqqw_FAKE.mp4,1
roszmjbioz_FAKE.mp4,1
rpfpyxmlbb_REAL.mp4,0
rpovhltcyq_FAKE.mp4,1
rpzgbhzswt_FAKE.mp4,1
rqjiogtjoo_FAKE.mp4,1
rqknnwbdei_REAL.mp4,0
rqsfmrqnbx_REAL.mp4,0
rqyiyuufkd_FAKE.mp4,1
rrhhjyvayb_REAL.mp4,0
rrhqfbkwtx_REAL.mp4,0
rrmprmgsha_FAKE.mp4,1
rsdlmvrhoe_REAL.mp4,0
rsrkgoxrzz_FAKE.mp4,1
rszdvsayiv_REAL.mp4,0
rszqqwhnkj_REAL.mp4,0
rtcdspyolj_REAL.mp4,0
rteyekiwdy_REAL.mp4,0
rtpuwtrxsr_REAL.mp4,0
rubhzlddup_FAKE.mp4,1
ruvnibkldo_FAKE.mp4,1
rvcepkmike_REAL.mp4,0
rvhgmyilms_REAL.mp4,0
rvmnhrokqk_FAKE.mp4,1
rvrcvcfbog_FAKE.mp4,1
rvzbysgzir_REAL.mp4,0
rweaihhmdc_FAKE.mp4,1
rwehwmmutn_REAL.mp4,0
rwsvyxrubl_REAL.mp4,0
rwzcczbbmm_REAL.mp4,0
rwzqeboccw_FAKE.mp4,1
rxxwgydcqi_FAKE.mp4,1
rykvjfugkj_FAKE.mp4,1
rymuxggieg_REAL.mp4,0
ryoaeodcux_REAL.mp4,0
rytynpbqih_FAKE.mp4,1
rzbgmwtzcx_REAL.mp4,0
safkdrudrs_FAKE.mp4,1
satxxxlhjl_REAL.mp4,0
sbcvngabuy_FAKE.mp4,1
sbdoerarrt_REAL.mp4,0
sbkupuqxdg_FAKE.mp4,1
scfgnpggvf_FAKE.mp4,1
scjdkezndi_REAL.mp4,0
scoyfdnukj_REAL.mp4,0
scxrwnofhb_REAL.mp4,0
sdaffzzwsb_REAL.mp4,0
sddszusumt_FAKE.mp4,1
sdfzqisrhs_FAKE.mp4,1
sdjinzujfu_FAKE.mp4,1
sdrpjtgnur_REAL.mp4,0
seabqfiqdj_FAKE.mp4,1
seyzkxexlc_FAKE.mp4,1
sfbsckvyfc_REAL.mp4,0
sfjualzaic_FAKE.mp4,1
sfjxazuhaz_FAKE.mp4,1
sfovkwrrpf_FAKE.mp4,1
sfzixpdhsl_FAKE.mp4,1
sgdakyticz_FAKE.mp4,1
sgolydgoxx_FAKE.mp4,1
sgqcgikvft_REAL.mp4,0
sgvgaqcrec_FAKE.mp4,1
sgzbxqhles_FAKE.mp4,1
shgxfwcczl_REAL.mp4,0
shjpuxwkos_REAL.mp4,0
shslgpeisw_REAL.mp4,0
shtnxygjpt_FAKE.mp4,1
shvfupmrho_REAL.mp4,0
shxhsscqnj_FAKE.mp4,1
shzqiovptk_FAKE.mp4,1
sihwiashxa_FAKE.mp4,1
sijizvyfxi_REAL.mp4,0
silyuhawvq_REAL.mp4,0
siogvmoxpf_REAL.mp4,0
sitkcsewjn_FAKE.mp4,1
sivnraghku_FAKE.mp4,1
sjfcvndbks_FAKE.mp4,1
sjgmmecazy_REAL.mp4,0
sjthyqzihq_REAL.mp4,0
sjwkkkmaly_FAKE.mp4,1
skaonlmqhz_REAL.mp4,0
skhnvzyukn_REAL.mp4,0
sknvycxyan_REAL.mp4,0
skusxkzfrg_FAKE.mp4,1
slakzltuxq_REAL.mp4,0
slhyfbfdhb_FAKE.mp4,1
sliucntfgl_REAL.mp4,0
slncbitmka_REAL.mp4,0
slruxtzosd_FAKE.mp4,1
slyyfctglt_FAKE.mp4,1
smahhtkiqd_REAL.mp4,0
smehtpwbzy_REAL.mp4,0
smkxoeasyl_REAL.mp4,0
smpspdupbh_REAL.mp4,0
snesygifla_REAL.mp4,0
snheolxmzs_FAKE.mp4,1
snsgacnmvy_FAKE.mp4,1
snskjzblqd_REAL.mp4,0
snttyfdjsu_REAL.mp4,0
soamkgxcum_FAKE.mp4,1
soegooiqam_REAL.mp4,0
solgarzvhx_FAKE.mp4,1
sotclwmskg_REAL.mp4,0
spqjmzvjtv_REAL.mp4,0
spylpkmhwj_FAKE.mp4,1
spyophhesn_REAL.mp4,0
spzchgewcf_REAL.mp4,0
sqbggtbiah_REAL.mp4,0
sqybetzlkm_FAKE.mp4,1
sqyyclnwas_REAL.mp4,0
sradvolkvk_FAKE.mp4,1
srfptlpwyr_FAKE.mp4,1
srkhkdnule_REAL.mp4,0
srlbhqggbu_REAL.mp4,0
srmfnqhfxp_FAKE.mp4,1
srruzmpcpz_FAKE.mp4,1
sspmqvcejh_FAKE.mp4,1
ssumpmrbdi_REAL.mp4,0
sswhgeqjrt_REAL.mp4,0
ssxnvxdpur_FAKE.mp4,1
ssyjzobteu_FAKE.mp4,1
sudzolvppu_REAL.mp4,0
suoxrhzujc_REAL.mp4,0
surdndtyhp_FAKE.mp4,1
sxfoaajecn_REAL.mp4,0
sxhexjgzdl_FAKE.mp4,1
sxnhvmsjje_FAKE.mp4,1
sxxzkpmwfb_FAKE.mp4,1
symowbrqof_REAL.mp4,0
syperuofbv_FAKE.mp4,1
syszyewbet_REAL.mp4,0
syyqagkkyk_FAKE.mp4,1
szagmsazfa_REAL.mp4,0
szhamvioqz_FAKE.mp4,1
tacsprppyp_REAL.mp4,0
taegqksydj_FAKE.mp4,1
tassvtxamo_REAL.mp4,0
tbekzbrcmz_REAL.mp4,0
tcjgcbgsjy_REAL.mp4,0
tcknbmalyc_FAKE.mp4,1
tcloaxofyu_REAL.mp4,0
tcmghpeuwp_FAKE.mp4,1
tcrckphuoq_REAL.mp4,0
tctowpuweb_FAKE.mp4,1
tcwhwssdnv_REAL.mp4,0
tdcmgllsvo_FAKE.mp4,1
tddmodqmse_FAKE.mp4,1
tdsczpygqq_FAKE.mp4,1
tdwobzatik_REAL.mp4,0
tfnitflqff_REAL.mp4,0
tfnuiwjlxd_REAL.mp4,0
tgdvnjxqiq_REAL.mp4,0
tgtilqdelb_REAL.mp4,0
tgubqgefyz_REAL.mp4,0
tguxjwlqiu_FAKE.mp4,1
thhnijsuoy_REAL.mp4,0
thnvuwfgaw_REAL.mp4,0
thpjwmvayl_REAL.mp4,0
thrwnbldwv_FAKE.mp4,1
thumialdgv_FAKE.mp4,1
thwifdrtjy_REAL.mp4,0
thypmfwbbk_REAL.mp4,0
ticjmleyoz_FAKE.mp4,1
tidvyvpsyk_FAKE.mp4,1
tjaipfsjpq_REAL.mp4,0
tkefwhktoc_FAKE.mp4,1
tkgukulixj_REAL.mp4,0
tkkpzptjrz_REAL.mp4,0
tkplsqobra_REAL.mp4,0
tmgmbnzrrz_REAL.mp4,0
tmxryudjcy_REAL.mp4,0
tnafseauhv_REAL.mp4,0
tnbongyrve_REAL.mp4,0
tocsinrihd_REAL.mp4,0
toiqsyjwpt_FAKE.mp4,1
toqsroahdz_REAL.mp4,0
tpeuljqyua_FAKE.mp4,1
tpgozsbebx_FAKE.mp4,1
tpimxrtuxf_REAL.mp4,0
tprjeaqlqe_FAKE.mp4,1
tpuaaqksjs_FAKE.mp4,1
tpxkhzhqjk_REAL.mp4,0
tqnytsurko_REAL.mp4,0
tqpgqgxufi_REAL.mp4,0
tquojygjmf_FAKE.mp4,1
trkzaxcjdq_REAL.mp4,0
trolxesysi_REAL.mp4,0
trvqryiuqr_REAL.mp4,0
tsalzbhvze_FAKE.mp4,1
tsbjjiafmc_FAKE.mp4,1
tskjnnvjsa_REAL.mp4,0
tsrturndzh_REAL.mp4,0
tsssvunxbs_REAL.mp4,0
tsyzjopkwc_REAL.mp4,0
ttikysnxik_FAKE.mp4,1
ttjxosproz_REAL.mp4,0
ttslztqwhg_FAKE.mp4,1
ttwzibdyja_FAKE.mp4,1
tudhvzaumf_REAL.mp4,0
tuhacvtkxk_REAL.mp4,0
tuhxnjowwx_FAKE.mp4,1
tuseenotyk_FAKE.mp4,1
tvutdegicm_FAKE.mp4,1
tvxzanebzx_FAKE.mp4,1
twdjnmqbwa_REAL.mp4,0
twgnqdszeg_REAL.mp4,0
twgvbzaecy_REAL.mp4,0
twvvpbtdzm_FAKE.mp4,1
twwxfkocjh_REAL.mp4,0
txrosoxcab_FAKE.mp4,1
tycakarvpn_REAL.mp4,0
tzectnaqyj_REAL.mp4,0
tzodxkvvdq_REAL.mp4,0
tztehbwdcg_REAL.mp4,0
tzvifcoosi_REAL.mp4,0
uatsfwahwn_REAL.mp4,0
ubdouhkxfs_REAL.mp4,0
ubhxbrmrhk_FAKE.mp4,1
ubvnkpfgcx_FAKE.mp4,1
ucbgfvxgcf_FAKE.mp4,1
uckscgssmu_REAL.mp4,0
ucmjjvdmzf_FAKE.mp4,1
ucotuvlloo_REAL.mp4,0
ucugtwgmrt_FAKE.mp4,1
udcpjfvqro_FAKE.mp4,1
uefyogluva_FAKE.mp4,1
uenwpeiaev_REAL.mp4,0
uewjjyovkw_FAKE.mp4,1
uffpenifmn_FAKE.mp4,1
uggjvftuua_REAL.mp4,0
ugyeuuwkla_REAL.mp4,0
uhndegdcvw_REAL.mp4,0
uhswwyrhon_FAKE.mp4,1
uhtnbqrrzx_FAKE.mp4,1
uhutuyxmtw_FAKE.mp4,1
uhvmrfksax_FAKE.mp4,1
uhyizbpmzk_REAL.mp4,0
uiyrgumkmh_FAKE.mp4,1
uizazbbqnz_REAL.mp4,0
ujaehtqxde_FAKE.mp4,1
ujjkzsdtiz_REAL.mp4,0
ukvmxgbmfe_FAKE.mp4,1
umbgeawmln_REAL.mp4,0
uneanxojth_FAKE.mp4,1
ungasnkxoz_FAKE.mp4,1
unnxrzsion_FAKE.mp4,1
unpxsnhsft_REAL.mp4,0
uoeebxpetx_REAL.mp4,0
uojgiwhlfg_REAL.mp4,0
uolqmqsgbs_REAL.mp4,0
uootqjddcw_FAKE.mp4,1
uoxhfedrpt_REAL.mp4,0
upnzyzlwnh_REAL.mp4,0
urxdctqpqx_REAL.mp4,0
uryamchmyh_REAL.mp4,0
usfowtggox_FAKE.mp4,1
usgwrhgafb_FAKE.mp4,1
utbqagvslm_FAKE.mp4,1
utndcmipgm_REAL.mp4,0
utnwupjdpp_REAL.mp4,0
uudouzhchc_REAL.mp4,0
uulplqqlom_REAL.mp4,0
uunbmttqbx_FAKE.mp4,1
uuobtdhvaz_FAKE.mp4,1
uurpocvenf_FAKE.mp4,1
uursiulmds_REAL.mp4,0
uuwfgichjb_REAL.mp4,0
uuyyezfcnx_REAL.mp4,0
uuzalivrsv_FAKE.mp4,1
uvfybmqdxc_FAKE.mp4,1
uvqwmpfklm_REAL.mp4,0
uvvnlsgoiu_REAL.mp4,0
uvzktioygx_REAL.mp4,0
uwazhvyyzh_REAL.mp4,0
uwccodyhgh_FAKE.mp4,1
uxalgdwabq_FAKE.mp4,1
uxlrcicjge_FAKE.mp4,1
uxlzsdgwzt_REAL.mp4,0
uxuroduqmh_FAKE.mp4,1
uybatywocp_REAL.mp4,0
uydlsvuore_REAL.mp4,0
uzqdjsfrix_FAKE.mp4,1
uzusitvarg_REAL.mp4,0
vacpjvuxfa_FAKE.mp4,1
vaikesmhcv_REAL.mp4,0
vaqrevufsk_FAKE.mp4,1
vbfxqmhmrs_REAL.mp4,0
vbguoacpun_FAKE.mp4,1
vblnxpxxqc_REAL.mp4,0
vcgupjrrmo_FAKE.mp4,1
vchlzzsbyp_REAL.mp4,0
vcoxhbyfgw_FAKE.mp4,1
vddzflpeat_REAL.mp4,0
vdhpdjgzaz_FAKE.mp4,1
vdmsfnbtse_FAKE.mp4,1
vdpftwbuzb_FAKE.mp4,1
vdsilkxkgv_FAKE.mp4,1
vdsirrbcar_REAL.mp4,0
vdvqyocatg_FAKE.mp4,1
vekifszeqs_REAL.mp4,0
vfhcukrbjz_FAKE.mp4,1
vfjearzksp_FAKE.mp4,1
vfqvlxsefa_REAL.mp4,0
vgnybxowkd_FAKE.mp4,1
vhphdqsajw_REAL.mp4,0
vhxzlpzvaz_FAKE.mp4,1
vigikyjcvp_FAKE.mp4,1
vijuirxebt_REAL.mp4,0
vjmlyldnnf_FAKE.mp4,1
vjokpmmkhe_REAL.mp4,0
vjsepnyvpv_REAL.mp4,0
vjudsbuepu_REAL.mp4,0
vkvzzoimxp_REAL.mp4,0
vljmsimmbq_FAKE.mp4,1
vmdjplxgfj_REAL.mp4,0
vmhscypxba_REAL.mp4,0
vnactmbahi_FAKE.mp4,1
vnjzgroonv_FAKE.mp4,1
vnpkomujry_REAL.mp4,0
vntgzyrwvq_REAL.mp4,0
vojsghpebv_REAL.mp4,0
vostrioupy_FAKE.mp4,1
vouhiqxlrk_REAL.mp4,0
vpbllqdqlv_REAL.mp4,0
vpmvdtpzzt_FAKE.mp4,1
vpqsolhamg_REAL.mp4,0
vpvuklgjyc_REAL.mp4,0
vqqibukdgb_REAL.mp4,0
vqsehstdfy_REAL.mp4,0
vqtbpwvcqj_REAL.mp4,0
vrguefuwqk_FAKE.mp4,1
vrlumjhmbk_REAL.mp4,0
vrlwkywnia_FAKE.mp4,1
vrowrcgjvo_REAL.mp4,0
vrwpihsuwj_FAKE.mp4,1
vrxfhcwwds_REAL.mp4,0
vsinqiaizy_REAL.mp4,0
vslnmavuek_REAL.mp4,0
vswqwdkyri_REAL.mp4,0
vszibbcfgn_REAL.mp4,0
vtcswwjgrq_FAKE.mp4,1
vtemhptawm_REAL.mp4,0
vtyrercqgm_FAKE.mp4,1
vuccfkcimf_REAL.mp4,0
vuebtkngto_FAKE.mp4,1
vulcrsidql_REAL.mp4,0
vvcvpgbpyw_FAKE.mp4,1
vvfmkgoyqd_REAL.mp4,0
vvsoymxnol_REAL.mp4,0
vwejghweuu_REAL.mp4,0
vwovockaja_FAKE.mp4,1
vwxsnitxwe_FAKE.mp4,1
vxakkmhcan_REAL.mp4,0
vxayjzhphh_REAL.mp4,0
vyigmewuus_REAL.mp4,0
vyrkbvfpbd_REAL.mp4,0
vytjkvplzu_REAL.mp4,0
vzbfqsmggp_REAL.mp4,0
vzhnbxbmao_REAL.mp4,0
vzngxvuasb_REAL.mp4,0
vzquwvazbb_FAKE.mp4,1
vzyfknevkw_REAL.mp4,0
waxiuhpvjr_FAKE.mp4,1
wbllwuvlsk_REAL.mp4,0
wbmgzfjkwu_REAL.mp4,0
wbmtiennwo_REAL.mp4,0
wbxgbgzbrz_REAL.mp4,0
wbxwlxngda_REAL.mp4,0
wdjakibrey_REAL.mp4,0
wdqjpnxdtj_FAKE.mp4,1
wdtitxrfrh_REAL.mp4,0
wdzldsjigx_REAL.mp4,0
weazwvacod_FAKE.mp4,1
wedpftdihf_FAKE.mp4,1
wenvrplbwm_FAKE.mp4,1
weswgpmomf_REAL.mp4,0
wetheuhcha_REAL.mp4,0
wfdteinwrg_FAKE.mp4,1
wfkxfzpglp_FAKE.mp4,1
wflygwwijx_REAL.mp4,0
wfzfpjtecf_FAKE.mp4,1
wgqptridcs_REAL.mp4,0
wgtasbplcj_FAKE.mp4,1
whdawhamoy_FAKE.mp4,1
whfntjazhf_REAL.mp4,0
whkmwkevrb_REAL.mp4,0
whouwprivm_REAL.mp4,0
whuroxbmeb_REAL.mp4,0
whvxhwihnw_REAL.mp4,0
wiastkfeee_REAL.mp4,0
wibvzcwsed_FAKE.mp4,1
winjhwexch_REAL.mp4,0
wjovriuyvy_REAL.mp4,0
wkjaebyftm_FAKE.mp4,1
wkyoaybzxb_REAL.mp4,0
wlookjipea_REAL.mp4,0
wlusshgwie_FAKE.mp4,1
wmkbgbvzdr_REAL.mp4,0
wmnsojpmwp_FAKE.mp4,1
wmtmtmmjgn_REAL.mp4,0
wndqracjyj_FAKE.mp4,1
wnsrqqukld_REAL.mp4,0
wnsywgmtyj_FAKE.mp4,1
wofbcrvzdm_FAKE.mp4,1
womdngjejh_FAKE.mp4,1
woommqzvfr_REAL.mp4,0
wotwhdptzm_FAKE.mp4,1
woygkaqapj_REAL.mp4,0
wpjnujngcw_REAL.mp4,0
wpwsmgtrak_REAL.mp4,0
wqghgjctpy_FAKE.mp4,1
wrawkurmjc_FAKE.mp4,1
wruhcnrjue_REAL.mp4,0
wrvzdcemwj_FAKE.mp4,1
wscclwhfsr_REAL.mp4,0
wsddebiizr_FAKE.mp4,1
wshnseesqc_FAKE.mp4,1
wsizcajhei_REAL.mp4,0
wsrclsksle_FAKE.mp4,1
wtbqzappqs_FAKE.mp4,1
wtgnhvqocu_FAKE.mp4,1
wtgoueyuyq_FAKE.mp4,1
wthgwbqtlf_REAL.mp4,0
wuazsmjusz_FAKE.mp4,1
wubkawsoey_REAL.mp4,0
wugzepvpix_FAKE.mp4,1
wunlbtnyow_FAKE.mp4,1
wusdugjahp_FAKE.mp4,1
wuzdxyybdd_FAKE.mp4,1
wvcddgkyqc_FAKE.mp4,1
wvhgqlaiun_REAL.mp4,0
wvplwbyxpy_REAL.mp4,0
wvtymfvbwq_FAKE.mp4,1
wweglcwrov_REAL.mp4,0
wwhywvbglv_FAKE.mp4,1
wwnggpmpqb_FAKE.mp4,1
wxavwmybea_REAL.mp4,0
wxdljcjcud_REAL.mp4,0
wxhivsowqf_FAKE.mp4,1
wychizeojz_REAL.mp4,0
wyhtcmefqt_REAL.mp4,0
wymgrmkwuy_REAL.mp4,0
wyywuthzsk_REAL.mp4,0
wzdsgmvdrs_FAKE.mp4,1
wzgprxgons_FAKE.mp4,1
wznmwfwhvq_REAL.mp4,0
wznogjrvvr_REAL.mp4,0
xacpmkqfec_REAL.mp4,0
xaedthtkkb_FAKE.mp4,1
xapaukwymw_FAKE.mp4,1
xasidfdyoz_REAL.mp4,0
xbftijjbpz_FAKE.mp4,1
xbtclnggmt_FAKE.mp4,1
xburrtmrts_REAL.mp4,0
xbvlbpgdtb_FAKE.mp4,1
xbwrpfwbry_REAL.mp4,0
xcdkppxfby_REAL.mp4,0
xdymokazer_REAL.mp4,0
xefkfzevnl_FAKE.mp4,1
xemebqzfsf_FAKE.mp4,1
xensfgmdvq_REAL.mp4,0
xflgnpinue_REAL.mp4,0
xfxsfmwrtw_REAL.mp4,0
xggcinunip_FAKE.mp4,1
xgurqibwmy_FAKE.mp4,1
xhgsjkwadd_REAL.mp4,0
xhmukdonsg_FAKE.mp4,1
xhopnbhoiq_REAL.mp4,0
xhwqubpwru_FAKE.mp4,1
xihcuecetu_REAL.mp4,0
xivkqjpgdz_FAKE.mp4,1
xjfxakvynp_REAL.mp4,0
xjjppmcvgn_REAL.mp4,0
xjsbsgisgv_FAKE.mp4,1
xjxhlsfhnd_FAKE.mp4,1
xkgfsbglko_REAL.mp4,0
xkmkgakdqm_REAL.mp4,0
xkpsjzvoss_FAKE.mp4,1
xkpthizeuj_FAKE.mp4,1
xkqzvwznhl_REAL.mp4,0
xlurhxaqcu_FAKE.mp4,1
xlvvoocsdb_FAKE.mp4,1
xlxrlesuds_REAL.mp4,0
xlyxbyhjsq_REAL.mp4,0
xlztcepaup_REAL.mp4,0
xmephobexu_FAKE.mp4,1
xnclpblgip_FAKE.mp4,1
xnmsrnzanl_FAKE.mp4,1
xntovhysij_FAKE.mp4,1
xojavkscdx_REAL.mp4,0
xoxtmvggfg_FAKE.mp4,1
xqavrcmpfc_REAL.mp4,0
xqbjizvmfu_FAKE.mp4,1
xqitshdinv_FAKE.mp4,1
xqwtvuwrrt_REAL.mp4,0
xqxqrhyhtl_FAKE.mp4,1
xqyhzrdoie_FAKE.mp4,1
xrlviejxmp_REAL.mp4,0
xroslebnzu_REAL.mp4,0
xrptgxzcry_REAL.mp4,0
xrugmaiubc_REAL.mp4,0
xrzhrmsqty_REAL.mp4,0
xstoeihzvf_REAL.mp4,0
xtixietgjp_REAL.mp4,0
xtvyjezbdc_FAKE.mp4,1
xugnmurffo_REAL.mp4,0
xulzcoybqe_FAKE.mp4,1
xuuzfmdqyk_FAKE.mp4,1
xvcuihzdpb_FAKE.mp4,1
xvkwijqxvg_REAL.mp4,0
xwizwjdjdw_REAL.mp4,0
xxkcpcojsn_FAKE.mp4,1
xxmkvcyptj_FAKE.mp4,1
xxnopajicm_FAKE.mp4,1
xxpakvdced_FAKE.mp4,1
xxsknooffv_FAKE.mp4,1
xxtnpustur_FAKE.mp4,1
xxupwwukoh_REAL.mp4,0
xymrwyzajc_REAL.mp4,0
xzcsvcknkn_REAL.mp4,0
xzoaofnozj_REAL.mp4,0
xzsxjudpgw_FAKE.mp4,1
xztcnuoigs_FAKE.mp4,1
yaruwzhoma_FAKE.mp4,1
yawdhzbnrp_FAKE.mp4,1
yaydymmmyn_FAKE.mp4,1
ybbmekktth_REAL.mp4,0
ybdkwtpqwp_REAL.mp4,0
ybkdiyccgd_FAKE.mp4,1
ybpbyqqrgl_FAKE.mp4,1
ycoaclsdov_FAKE.mp4,1
ycwapqtfai_REAL.mp4,0
ydanxqoycq_REAL.mp4,0
ydfcdsrrff_REAL.mp4,0
yejekpzyuk_FAKE.mp4,1
yenmlpbzut_FAKE.mp4,1
yeojpeeybf_FAKE.mp4,1
yfkkailhbl_FAKE.mp4,1
yfpwsrgeer_FAKE.mp4,1
yfzhahbzea_REAL.mp4,0
ygaaujjova_REAL.mp4,0
ygggyeltxz_FAKE.mp4,1
ygoupusgbb_FAKE.mp4,1
ygxwrhaese_REAL.mp4,0
yiobxevqad_REAL.mp4,0
yjoxcezfmk_FAKE.mp4,1
yjzpjnxzoi_REAL.mp4,0
ykdduziywx_FAKE.mp4,1
ykggdiaytx_FAKE.mp4,1
ykjpjpacui_REAL.mp4,0
yklamzsdff_REAL.mp4,0
ykmpcxevug_REAL.mp4,0
yknbjgksfg_FAKE.mp4,1
ykqkczfplf_REAL.mp4,0
ykriblqkol_FAKE.mp4,1
ykwuoenwjm_REAL.mp4,0
ylbnoyagmj_REAL.mp4,0
ylhzfjddxq_FAKE.mp4,1
ylwtmwkbch_REAL.mp4,0
ymakzkwcnq_FAKE.mp4,1
ymaodrvpvb_FAKE.mp4,1
ymczlhhdts_FAKE.mp4,1
ymjqaywshs_REAL.mp4,0
ynaaolvwob_FAKE.mp4,1
ynvppidwwa_REAL.mp4,0
yogcymnpen_REAL.mp4,0
ypdrlcsozk_FAKE.mp4,1
ypsbicsrsf_FAKE.mp4,1
yqmbkopwif_FAKE.mp4,1
yrcfwdywhc_FAKE.mp4,1
ysnvafzzji_REAL.mp4,0
ysunoibjwc_FAKE.mp4,1
ysxrtuqiyx_REAL.mp4,0
ysypfjjwsz_REAL.mp4,0
ytdmgvfbsu_FAKE.mp4,1
ytynjlufzl_FAKE.mp4,1
yuhvpeibmt_FAKE.mp4,1
yujoqjiomi_FAKE.mp4,1
yuprnhayoj_FAKE.mp4,1
yuszeaayck_REAL.mp4,0
yuuljlhiyu_REAL.mp4,0
yvfoaoiclp_REAL.mp4,0
yvvrjailpy_FAKE.mp4,1
yvyugtnzvk_REAL.mp4,0
yvzzzkigwt_FAKE.mp4,1
yxmgksezfs_FAKE.mp4,1
yxmqxzobbk_REAL.mp4,0
yxwpxumqhf_REAL.mp4,0
yxxvaihzep_FAKE.mp4,1
yybdkorjek_REAL.mp4,0
yybejszdjm_REAL.mp4,0
yyxuyzaycm_REAL.mp4,0
yzcaxdqopo_FAKE.mp4,1
yzgymanupx_REAL.mp4,0
zabmvbfaht_FAKE.mp4,1
zalaajhjlw_FAKE.mp4,1
zaogyhqvxw_FAKE.mp4,1
zapcuhkncj_REAL.mp4,0
zapykiwtda_REAL.mp4,0
zavdsjbcza_REAL.mp4,0
zaxvuyaoyd_FAKE.mp4,1
zazprikfup_FAKE.mp4,1
zbezxztqki_FAKE.mp4,1
zcpowftyft_REAL.mp4,0
zcqfxadxpx_REAL.mp4,0
zcstppxyul_FAKE.mp4,1
zcxvjkexks_FAKE.mp4,1
zdgpyfnvfr_FAKE.mp4,1
zdrwoaqygo_FAKE.mp4,1
zegivghsyd_REAL.mp4,0
zeojjyremc_FAKE.mp4,1
zepgiunwkm_REAL.mp4,0
zesampvxex_FAKE.mp4,1
zfrqdqczqc_REAL.mp4,0
zgdsgcjdym_FAKE.mp4,1
zgmvsysnms_REAL.mp4,0
zhcssdcnsy_REAL.mp4,0
zhizsrrjcn_REAL.mp4,0
zhmhrqhabu_FAKE.mp4,1
ziapicelup_REAL.mp4,0
ziucuyijsa_REAL.mp4,0
zjackflbnq_FAKE.mp4,1
zjbcxxwyav_FAKE.mp4,1
zjjehvquaq_REAL.mp4,0
zjqyiwptph_FAKE.mp4,1
zjvarjmtnc_REAL.mp4,0
zkibgycnwg_FAKE.mp4,1
zkorjbuopn_FAKE.mp4,1
zktckdsoih_FAKE.mp4,1
zkuxdgmvqr_FAKE.mp4,1
zkwczgwxfw_FAKE.mp4,1
zliyslxwcm_REAL.mp4,0
zlngvfexbl_FAKE.mp4,1
zmbafcubci_REAL.mp4,0
zmdzmbfneh_REAL.mp4,0
zmxrwaoajx_REAL.mp4,0
znvmzpbkjr_FAKE.mp4,1
zoaeaczkyk_REAL.mp4,0
zondsvoyau_FAKE.mp4,1
zovznzxzfh_FAKE.mp4,1
zownomdhrp_REAL.mp4,0
zowycvfypx_FAKE.mp4,1
zqcguuzurx_REAL.mp4,0
zqjeijteon_REAL.mp4,0
zracmwuwef_FAKE.mp4,1
zrgisinrdd_REAL.mp4,0
zrhotxgvyl_FAKE.mp4,1
zrwhkhxuyt_REAL.mp4,0
zrwrwbzlse_FAKE.mp4,1
zskoobhslf_FAKE.mp4,1
zsylwfwxkf_FAKE.mp4,1
ztdqyxpoaq_FAKE.mp4,1
ztmsxmtroh_FAKE.mp4,1
ztniczrxsw_REAL.mp4,0
ztowaossvz_FAKE.mp4,1
ztqrroigsu_REAL.mp4,0
zukzbtpjkc_REAL.mp4,0
zulncymvab_REAL.mp4,0
zuyxzefezl_FAKE.mp4,1
zvupubvhpn_FAKE.mp4,1
zwbyxvgygi_REAL.mp4,0
zwfpkoojfe_FAKE.mp4,1
zwllmdsjfa_FAKE.mp4,1
zwlslhmgyu_FAKE.mp4,1
zwltpjeicp_FAKE.mp4,1
zwzpioeyuf_REAL.mp4,0
zxlvsasqet_FAKE.mp4,1
zygukovcyn_REAL.mp4,0
zygvghorbb_FAKE.mp4,1
zyplkpnmib_REAL.mp4,0
zyqelybefc_FAKE.mp4,1
zzkurmfrym_FAKE.mp4,1
zzybilxtdq_FAKE.mp4,1
